label,text
건선,"지난 몇 주 동안 팔, 다리, 몸통에 피부 발진이 생겼어요. 빨갛고 가려운데, 마른 비늘 같은 게 덮여 있어요."
건선,"제 피부가 벗겨지고 있어요, 특히 무릎, 팔꿈치, 그리고 두피 쪽이요. 이 벗겨짐이 종종 화끈거리거나 따끔거리는 느낌이랑 같이 와요."
건선,"손가락, 손목, 무릎 관절에 통증이 있어요. 통증이 자주 욱신거리고 쑤시는데, 관절을 움직일 때 더 심해져요."
건선,"제 피부에 은색 가루 같은 게 생겼어요. 특히 허리 아래쪽이랑 두피에 많이 보이는데, 이게 작은 비늘 같은 거라서 긁으면 쉽게 떨어져요."
건선,"손톱에 작은 움푹 들어간 자국이나 점 같은 게 생겼고, 만지면 자주 염증이 생긴 것처럼 아파요. 팔에도 작은 발진이 좀 있어요."
건선,손바닥이랑 발바닥 피부가 두꺼워지고 깊은 갈라짐이 생겼어요. 이 갈라진 곳들이 아프고 쉽게 피가 나요.
건선,"입 주변이랑 코, 눈 주위 피부가 빨갛고 염증이 생겼어요. 자주 가렵고 불편해요. 손톱에도 눈에 띄게 염증이 있어요."
건선,제 피부가 굉장히 예민해서 온도나 습도 변화에 쉽게 반응해요. 그래서 어떤 제품을 피부에 사용하는지도 항상 조심해야 해요.
건선,"갑자기 몸 여기저기, 주로 팔, 다리, 등에 피부가 벗겨지는 걸 발견했어요. 그리고 관절 통증이 심하고 피부 발진도 있어요."
건선,제 성기 피부가 빨갛게 부어올랐어요. 자주 가렵고 화끈거리고 불편해요. 몸 여기저기에도 발진이 있어요.
건선,요즘 피곤하고 몸이 좀 안 좋은 것 같아요. 푹 자고 일어나도 자주 피곤하고 기운이 없어요.
건선,"피부에 생긴 발진이 가슴이랑 배 쪽으로 번졌어요. 가렵고 불편한데, 특히 밤에 더 심해지는 것 같아요. 게다가 피부가 벗겨지기도 해요."
건선,"겨울철에 공기가 건조할 때 피부 발진이 더 심해져요. 그래서 보습제를 더 자주 발라야 하고, 가습기도 사용해서 피부를 촉촉하게 유지하려고 해요."
건선,"발진 때문에 가려움증이 생겨서 잠을 잘 못 자겠어요. 그리고 손톱에 작은 오목한 부분들이 생겼는데, 이게 정말 걱정돼요."
건선,제 피부가 건조하고 각질이 많아서 자주 감염이 되는 것 같아요. 관절에도 심한 통증이 있어요. 무릎이랑 팔꿈치 쪽 피부가 벗겨지기 시작했어요.
건선,피부에 발진이 생기기 시작했어요. 긁거나 문지르면 자주 피가 나고요. 게다가 손톱에 작은 패인 자국도 생긴 것 같아요.
건선,요즘 피부가 예전보다 더 예민해진 것 같아요. 특히 등에랑 팔꿈치 쪽에 은색 가루 같은 게 생겼어요.
건선,"손바닥이랑 팔꿈치, 무릎에 계속해서 피부가 벗겨져서 걱정이에요. 팔에는 발진도 생겼는데, 만지면 가려워요. 이런 것들 때문에 생활이 너무 불편하고 힘들어요."
건선,관절에 이상한 통증이 있어요. 그리고 몸 여기저기에서 피부가 이상하게 벗겨지는 것도 발견했어요. 제 몸에 뭔가 문제가 있는 것 같아서 걱정돼요.
건선,손톱에 작은 움푹 파인 자국들이 생겼어요. 게다가 관절도 심하게 아프기 시작했어요. 특히 등에 은빛 가루 같은 게 피부에 생겼어요.
건선,"피부에 난 발진이 잘 낫지 않아요. 게다가 갑자기 피부가 벗겨지는 것도 발견했는데, 특히 팔꿈치랑 무릎 쪽이요. 정말 걱정돼요."
건선,"몇 주 전부터 팔이랑 다리, 가슴에 피부 발진이 생겼어요. 빨갛고 가려운데, 건조하고 비늘 같은 부분도 있어요. 그리고 관절도 이상하게 아프네요."
건선,"피부가 벗겨지고 있어요, 특히 무릎, 팔꿈치, 두피 쪽이요. 이게 자주 따끔거리거나 화끈거리는 느낌이랑 같이 나타나요."
건선,"손가락이랑 손목, 무릎 관절이 불편해요. 통증이 자주 쑤시고 욱신거리는데, 관절을 움직일 때 더 심해져요."
건선,"제 피부에 특히 등에, 팔에, 두피에 은빛 막 같은 게 생겼어요. 이게 작은 비늘처럼 되어 있어서 긁으면 쉽게 벗겨져요."
건선,"입 주변이랑 코, 눈 주위 피부가 빨갛고 염증이 생겼어요. 자주 가렵고 불편한데, 최근에는 진짜 많이 아파졌어요."
건선,제 피부가 너무 예민해서 온도나 습도가 조금만 바뀌어도 금방 자극을 받아요. 그리고 손톱에 움푹 들어간 자국이 생겼어요. 이런 갑작스러운 변화가 걱정돼요.
건선,"갑자기 몸 여기저기, 주로 팔, 다리, 등 쪽에 피부가 벗겨지고 있어요. 게다가 관절도 많이 아프고 피부에 발진도 생겼어요. 이 발진이 몸 다른 부위로도 퍼지고 있어요."
건선,제 성기 피부가 빨갛고 자극을 받은 것 같아요. 자주 따갑고 화끈거리고 불편해요. 몸 여기저기에 발진도 있어요. 그리고 관절에 이상한 통증이 있어요.
건선,"요즘 피부 발진 때문에 가렵고 아파서 잠을 잘 못 자겠어요. 손톱에 작은 움푹 들어간 자국들이 생겼는데, 이게 정말 걱정돼요. 손톱에 눈에 띄게 염증도 있어요."
건선,피부가 건조하고 각질이 생겨서 자꾸 감염이 되는 것 같아요. 관절도 너무 아파요. 무릎이랑 팔꿈치 쪽 피부가 벗겨지기 시작했어요.
건선,"피부에 발진이 생겼어요. 긁거나 문지르면 자주 피가 나요. 게다가 손톱에 작은 패임도 생겼고, 손톱이 눈에 띄게 부어올랐어요."
건선,요즘 피부가 예전보다 더 예민해진 것 같아요. 특히 등에랑 팔꿈치에 은색 막 같은 게 생겼어요.
건선,손바닥이랑 발바닥이 많이 두꺼워지고 심하게 갈라졌어요. 이 갈라진 틈이 너무 불편하고 자주 피가 나요. 게다가 피부가 벗겨지기 시작했어요.
건선,손톱에 작은 구멍 같은 게 생기기 시작했어요. 걱정되는데 뭐가 원인인지 모르겠어요. 게다가 관절도 아프고 팔이랑 등에 발진도 있어요.
건선,피부에 은색 가루 같은 게 묻어 있는 것 같아요. 게다가 팔이랑 등에 있는 피부가 벗겨지기 시작했어요. 이게 좀 이상하고 정말 걱정돼요.
건선,"제 피부 발진이 가슴이랑 배를 포함해서 몸 다른 부위로 번졌어요. 가렵고 불편한데, 특히 밤에 더 심해요. 그리고 피부가 벗겨지기도 해요."
건선,"겨울에 공기가 건조해지면 피부 발진이 더 심해져요. 그래서 피부를 촉촉하게 유지하려면 보습제를 더 자주 발라야 하고, 가습기도 사용해야 해요. 그리고 관절 통증도 겪고 있어요."
건선,"요즘 발진 때문에 가렵고 아파서 잠을 잘 못 자겠어요. 손톱에 작은 홈도 생겼고, 몸 여기저기에서 피부가 벗겨지고 있어요."
건선,"제 피부가 여기저기 벗겨지고 있는데, 특히 무릎, 팔꿈치, 팔 쪽이 심해요. 벗겨질 때 아프거나 화끈거리는 느낌도 자주 들고요. 게다가 손톱에 작은 홈 같은 게 생기고 있어서 정말 걱정돼요."
건선,제 피부에 특히 등하고 팔 쪽에 은빛 같은 층이 생겼어요. 이게 작은 비늘처럼 돼 있어서 문지르면 쉽게 벗겨져요. 그리고 몸 전체에 발진도 있어요.
건선,"팔이랑 얼굴, 등에 빨갛게 뭐가 나고 가려워요. 자꾸 간지럽고 불편해요. 손톱에도 이상하게 염증이 생기고 작은 움푹 들어간 자국들이 있어요. 이런 건 처음 봐요."
건선,"요즘 발진 때문에 가렵고 아파서 잠을 잘 못 자겠어요. 손톱에 작은 움푹 들어간 자국들이 생겼는데, 이게 정말 걱정돼요. 게다가 매일 관절도 아픈데, 왜 그런지 전혀 모르겠어요."
건선,"손가락이랑 발바닥에 피부가 두껍게 생겼는데, 심하게 갈라져 있어요. 이 갈라진 부분들이 자주 아프고 피가 나요. 그리고 가려운데다가 비늘처럼 덮여 있어요."
건선,"제 피부가 예전에는 덜 민감했는데 요즘은 더 민감해졌어요. 특히 등에, 팔꿈치랑 무릎에 은빛 같은 막이 생겼어요."
건선,"손톱에 약간 움푹 들어간 자국이 생겼어요. 그리고 관절도 요즘 너무 아파요. 피부에 은색 가루 같은 게 생겼는데, 특히 등에랑 팔꿈치 쪽이 심해요."
건선,요즘 피부 발진 때문에 아프고 가려워서 잠을 잘 못 자겠어요. 손가락 피부도 벗겨지기 시작했어요. 게다가 손톱에 작은 금이 가 있어서 정말 걱정돼요.
건선,관절이 좀 이상하게 불편해요. 게다가 몸 여기저기에서 피부가 이상하게 벗겨지고 있어요. 몸에 무슨 문제가 있는 건 아닌지 걱정돼요.
건선,"팔이랑 목에 두드러기가 나기 시작했어요. 긁으면 자주 피가 나고 아파요. 그리고 손톱에 작은 움푹 들어간 자국도 생겼는데, 이게 좀 이상해요."
건선,피부가 건조하고 각질이 생겨서 자꾸 염증이 생겨요. 관절도 너무 아파요. 무릎이랑 팔꿈치 피부가 벗겨지기 시작했어요.
하지정맥류,다리 쪽에 발진이 생겨서 많이 불편해요. 쥐가 나는 것 같고 종아리 쪽에 혈관이 도드라져 보여요. 게다가 지난 며칠 동안 너무 피곤하고 기운이 없어요.
하지정맥류,걸어 다니거나 오래 서 있으면 종아리에 쥐가 나요. 종아리에 멍도 들어 있어서 걱정돼요. 그리고 금방 피곤해져요.
하지정맥류,"다리 쪽에 멍이 들어 있는데 왜 그런지 모르겠어요. 피부 아래에 이상한 혈관도 보이고요. 제가 약간 비만인데, 정말 걱정돼요."
하지정맥류,저는 체중이 많이 나가고 다리가 부어오르면서 혈관이 보이기 시작했어요. 종아리에 부은 혈관들이 줄줄이 보이네요.
하지정맥류,종아리 쪽 혈관이 많이 튀어나와서 불편해요. 오래 서 있으면 다리가 쥐 나는 것처럼 아파서 오래 못 서 있겠어요.
하지정맥류,다리 정맥 주변 피부가 빨갛게 부어올랐어요. 부풀어 오른 혈관도 보이는 것 같아요. 정말 걱정돼요.
하지정맥류,오래 서 있거나 걸으면 다리가 많이 아파요. 운동을 하면 쥐도 나고요. 다리에 멍 자국도 있어요.
하지정맥류,종아리에 쥐가 나서 걷기가 힘들어요. 일을 좀 하고 나면 피곤해지기도 하고요. 아마도 이게 다 비만 때문인 것 같아요.
하지정맥류,최근 몇 주 동안 다리 부기가 더 심해졌어요. 이제 종아리에 혈관이 많이 보이기 시작해서 걱정돼요.
하지정맥류,"다리 정맥이 너무 눈에 띄고 불편해요. 큰 멍이 든 것 같고, 달릴 때 쥐가 나요."
하지정맥류,종아리 피부가 염증이 생기고 빨갛게 됐어요. 뛰거나 운동하려고 하면 다리가 아파요.
하지정맥류,"요즘 종아리가 계속 아프고 오래 서 있거나 걸으면 더 심해져요. 다리가 붓기 시작했고, 혈관도 좀 도드라져 보여요."
하지정맥류,다리 정맥 때문에 불편하고 밤에 잠을 잘 못 자겠어요. 왜 이런지 모르겠어요. 전력 질주할 때 쥐도 나요.
하지정맥류,다리가 부어서 신발이 잘 안 맞아요. 달리기를 하거나 오래 서 있는 것도 힘들고요. 그리고 부은 혈관도 좀 보여요.
하지정맥류,"종아리에 쥐가 나는 게 점점 더 자주 생기고 심해지는 것 같아요. 그래서 많이 불편해요. 게다가 제가 과체중인데, 다리도 붓기 시작했어요."
하지정맥류,오래 앉아 있으면 다리 정맥이 불편해요.
하지정맥류,다리 쪽에 발진이 퍼지고 더 심해지고 있어요. 그래서 뛰는 게 정말 힘들어졌어요.
하지정맥류,운동할 때 다리가 많이 불편해요. 자주 쥐가 나고 혈관이 눈에 띄게 보이는 것 같아요.
하지정맥류,종아리에 혈관이 도드라져 보여서 신경 쓰이고 좀 창피해요. 아마도 제 과체중 때문인 것 같아요.
하지정맥류,다리 정맥 주변 피부가 건조하고 각질이 일어나요. 큰 멍이 든 것 같고 다리가 붓기 시작했어요.
하지정맥류,다리 쪽에 발진이 생겨서 많이 가렵고 불편해요. 빨갛게 부어오르고 점점 번지는 것 같아요.
하지정맥류,"요즘 종아리에 쥐가 자주 나요, 특히 오래 걷거나 서 있을 때 더 그래요. 그리고 혈관도 많이 도드라져 보여요."
하지정맥류,"다리 쪽에 멍이 생겼는데, 왜 생겼는지 모르겠어요. 아프진 않은데 좀 걱정돼요."
하지정맥류,제가 요즘 살이 좀 쪄서 그런지 다리가 부어오르고 혈관도 평소보다 더 잘 보이는 것 같아요. 붓기가 시간이 지날수록 더 심해지는 것 같아요.
하지정맥류,종아리 쪽 혈관이 너무 튀어나와서 불편해요. 부어오르고 피부 밖으로 튀어나와 있어요.
하지정맥류,"다리 정맥 주변 피부가 빨갛고 염증이 생긴 데다 가려워요. 이 때문에 많이 불편하고, 자꾸 쥐도 나기 시작해요."
하지정맥류,"오래 서 있거나 걸으면 다리가 많이 아파요. 쥐가 나는 것처럼 아프고, 오래 서 있으면 있을수록 더 심해져요."
하지정맥류,종아리에 쥐가 나서 걷거나 일상생활 하는 게 힘들어요. 갑자기 쥐가 나고 몇 분 동안 계속돼요.
하지정맥류,최근 몇 주 동안 다리 부기가 더 심해져서 신발 신기가 힘들어요. 오래 앉아 있을 때도 불편함이 느껴져요.
하지정맥류,다리 정맥이 너무 도드라져서 불편해요. 부어오르고 피부 밖으로 튀어나와서 옷 밖으로도 보여요.
하지정맥류,종아리 피부가 가렵고 염증이 생겨서 많이 불편하고 밤에 잠도 잘 못 자겠어요. 혈관도 튀어나오기 시작해서 걱정돼요.
하지정맥류,종아리가 계속 아프고 오래 서 있거나 걸으면 더 심해져요. 계속 쥐가 나고 오래 뛰지를 못하겠어요.
하지정맥류,다리 정맥 때문에 불편하고 밤에 잠을 잘 못 자겠어요. 정맥이 부어서 피부 밖으로 튀어나와서 눈에 띄고 아파요.
하지정맥류,"다리 부종 때문에 신발이 잘 안 맞고, 오래 앉아 있으면 불편해요."
하지정맥류,종아리에 쥐가 나는 게 점점 더 자주 생기고 심해져서 걷거나 일상생활하는 게 힘들어요.
하지정맥류,앉아 있을 때 다리 정맥이 불편해요. 정맥이 부어오르고 피부 밖으로 튀어나와서 아프고 눈에 잘 띄어요.
하지정맥류,"다리에 난 발진이 점점 퍼지고 심해지고 있어요. 빨갛고 염증이 생겨서 가렵고, 그래서 많이 불편하고 밤에 잠도 잘 못 자겠어요."
하지정맥류,"운동할 때 다리가 많이 불편해요. 다리가 무겁고 부은 느낌이 들고, 정맥이 두드러지고 아파요. 항상 피곤한 느낌이에요."
하지정맥류,종아리에 있는 혈관이 너무 튀어나와서 신경 쓰이고 부끄러워요. 부어오르고 피부 밖으로 튀어나와서 너무 잘 보여요.
하지정맥류,다리 정맥 주변 피부가 건조하고 각질이 일어나서 불편하고 가려워요. 그리고 자주 쥐도 나기 시작했어요.
하지정맥류,"다리 쪽에 발진이 생겼는데, 너무 아파요. 쥐가 난 것 같고 종아리에 혈관이 도드라져 보여요."
하지정맥류,"다리 정맥이 평소보다 더 부어오르고 눈에 띄게 보이네요. 피부를 통해 보일 정도고, 움직일 때마다 아파요."
하지정맥류,종아리에 쥐가 나서 걷기가 힘들어요. 이게 아마 비만 때문인 것 같아요. 일 좀 하다 보면 너무 피곤해요.
하지정맥류,다리 혈관이 너무 잘 보여서 아파요. 혈관이 크고 피부 밖으로 튀어나와 있어요. 좀 이상해서 걱정돼요.
하지정맥류,요즘 다리 혈관이 평소보다 더 눈에 띄는 것 같아서 좀 걱정이에요. 게다가 매일 쥐도 나고 있어요.
하지정맥류,지난 며칠 동안 다리 부기가 더 심해졌어요. 혈관이 피부 밖으로 튀어나온 게 보일 정도예요. 이건 좀 이상한 것 같아요.
하지정맥류,"오래 서 있거나 걸으면 다리가 너무 불편해요. 타는 듯한 통증이 있는데, 오래 서 있으면 있을수록 더 심해져요."
하지정맥류,제 다리 정맥 주변 피부가 좀 이상해요. 큰 멍이 생긴 것 같아요. 요즘 달리거나 전력 질주할 때 자주 쥐가 나요.
하지정맥류,"최근 며칠 동안 쥐가 너무 자주 나요. 뭔가 잘못된 것 같아요. 종아리에 작은 멍이 있는 것 같긴 한데, 확실하진 않아요."
하지정맥류,"종아리 쪽 정맥이 좀 이상하게 튀어나와 있어요. 그래서 걱정이 되네요. 그리고 제가 과체중인데, 이게 다 그 때문인 것 같아요."
장티푸스,"변비가 있고 배가 아파서 너무 불편해요. 배 아픈 게 점점 심해져서 일상생활에도 지장이 생기기 시작했어요. 게다가 매일 밤마다 오한이 들고, 그 뒤에는 약간 열도 나요."
장티푸스,"설사가 좀 있었는데, 진짜 불편했어요. 왔다 갔다 하면서 배에 경련도 있고 더부룩하기도 했어요."
장티푸스,"저기, 제가 요즘 오한이랑 열이 나고 배도 너무 아파요. 전체적으로 너무 힘들고 이 증상들이 도무지 나아지질 않네요."
장티푸스,요즘 구토랑 설사 때문에 수분 보충이 잘 안 돼요. 약간 열도 나고 변비에 두통도 있어요.
장티푸스,"지난주에 체중이 많이 줄었어요. 구역질이랑 구토 때문에 잘 먹지를 못했거든요. 그러고 나서 약간 열도 나고, 머리도 아프고, 배도 아프네요. 건강이 정말 걱정돼요."
장티푸스,요즘 너무 피곤해서 불편할 정도예요. 평소에 하던 일들도 하기 힘들고요. 기분도 많이 우울하고 짜증도 많이 나요. 배 쪽에 약간의 통증도 있어요.
장티푸스,지난주부터 계속 머리가 아팠는데 점점 심해지고 있어요. 배도 아프고 변비랑 설사도 같이 있어요.
장티푸스,"밤에 특히 열이 많이 나고, 너무 불편해요. 가벼운 두통도 있고 변비랑 설사도 같이 있어요."
장티푸스,"숨쉬기가 너무 힘들고, 계속 메스꺼운 느낌이 들어요. 배도 약간 아프고요. 가끔 너무 무서워요."
장티푸스,"설사가 물처럼 묽고 냄새도 심하게 나요. 배도 아프고, 거의 계속 토할 것 같은 느낌이에요."
장티푸스,고열에 두통이랑 오한 때문에 잠을 잘 못 자고 있어요. 매일 아침 배가 너무 아파서 깨어나요.
장티푸스,요즘 설사랑 변비가 번갈아가면서 생기고 있어서 정말 걱정이에요. 배 쪽에 찌르는 듯한 날카로운 통증도 느껴지고요. 항상 피곤한 느낌이에요.
장티푸스,요즘 변비가 좀 있고 배도 아파서 너무 불편해요. 통증이 점점 심해지고 있어서 일상생활에 정말 지장이 많아요.
장티푸스,"배가 너무 아프고 변비가 심해서 정말 짜증나요. 가끔은 구토가 나올 것 같기도 하고, 이래서 그런지 몸이 너무 힘들어요."
장티푸스,"배가 아팠다 괜찮았다를 반복하고 있는데, 정말 불편해요. 변비도 있고 구토도 같이 하고 있어요. 건강이 정말 걱정돼요."
장티푸스,배에 가스가 많이 차고 변비도 있어서 너무 불편해요. 배에 압박감도 느껴지고 아프기도 해요.
장티푸스,배가 너무 아프고 변비가 있어요. 매일 밤 열이 심하게 나고 오한이랑 두통도 같이 와요. 지난 며칠 동안 정말 불편했어요.
장티푸스,요즘 너무 피곤하고 기운이 없어서 힘들어요. 구토랑 메스꺼움 때문에 입맛도 완전히 없어졌고요. 배도 아파서 걱정이에요.
장티푸스,요즘 변비랑 복통이 있어서 정말 힘들어요. 불편함이 점점 심해져서 일상생활에 큰 지장이 있어요.
장티푸스,구토랑 설사 때문에 수분 보충이 정말 힘들어요. 열도 많이 나고 변비랑 두통도 있어요.
장티푸스,배가 자주 아프고 정말 많이 아파요. 변비도 있고 구토도 했어요. 건강이 좀 걱정돼요.
장티푸스,배가 너무 아프고 변비가 있어요. 매일 밤마다 두통이랑 오한도 생기고요. 지난 며칠 동안 정말 힘들었어요.
장티푸스,배에 뭔가 뚜렷한 통증이 있어요. 뭐 때문인지 잘 모르겠어요. 그리고 계속 구토하고 메스꺼운 느낌도 들어요.
장티푸스,설사가 물처럼 심하게 나오고 냄새도 많이 나요. 그리고 심한 복통이랑 두통도 같이 있어요. 대부분의 시간 동안 토할 것 같아요.
장티푸스,지난 며칠 동안 열이 났어요. 그런데 이제는 배에 심한 통증이 생기고 변비도 생겼어요.
장티푸스,요즘 속이 너무 메스껍고 자꾸 토하게 돼서 음식을 거의 못 먹고 있어요. 입맛도 완전히 떨어져서 그런지 몸이 많이 약해졌어요.
장티푸스,열이 많이 나고 두통 때문에 잠을 잘 못 자겠어요. 게다가 배도 계속 아파서 출근을 못 하고 있어요.
장티푸스,요즘 너무 피곤하고 힘이 없어요. 아무리 쉬어도 나아지질 않네요. 열도 좀 있고 배 쪽에 이상한 통증도 있어요. 도대체 왜 이러는지 모르겠어요.
장티푸스,변비랑 속이 불편해서 너무 힘들어요. 어젯밤에는 열도 좀 났어요.
장티푸스,"요즘 설사 때문에 너무 힘들어요. 왔다 갔다 하는데, 배도 아프고 가끔 구토도 해요."
장티푸스,"요즘 몸이 으슬으슬 춥고 열도 나고 배가 너무 아파요. 전반적으로 기분도 안 좋고, 이 증상들이 잘 안 없어지네요."
장티푸스,"토하고 설사 때문에 수분 보충이 잘 안 돼서 힘들어요. 약간 열도 있고, 배도 아파요."
장티푸스,"저 설사가 생겼어요. 배가 심하게 아파요. 아무것도 먹고 싶지 않고, 머리도 자주 지끈거려요."
장티푸스,배에 가스가 많이 차고 변비가 있어서 너무 아파요. 배에 압박감도 심하고 통증도 있어요. 매일 밤마다 열이 많이 나고 오한이 들어요.
장티푸스,"지난주부터 계속 배가 아픈데, 약을 먹어도 낫질 않아요. 속이 메스껍고 아무것도 못 먹겠어서 너무 힘이 없어요."
장티푸스,배가 너무 아프고 설사도 심해요. 열도 많이 나고 두통도 있어요. 지난 며칠 동안 정말 힘들었어요.
장티푸스,배가 너무 아프고 속이 많이 메스꺼워요. 열도 조금 나는 것 같아요. 정말 걱정돼요.
장티푸스,요즘 변비가 심하고 배도 아파요. 불편함이 점점 심해져서 일상생활에 정말 지장이 많아요. 식욕도 완전히 떨어져서 아무것도 먹고 싶지 않은 기분이에요.
장티푸스,거의 항상 피곤해요. 아무것도 먹고 싶지 않고요. 매일 밤마다 열이 많이 나고 오한도 들어요. 게다가 어제부터는 토하기도 해요.
장티푸스,"요즘 입맛이 없고 체중이 많이 줄었어요. 배, 특히 위랑 장 쪽이 아파요. 건강이 걱정돼요."
장티푸스,배가 심하게 자주 아파요. 구토도 하고 변비도 있어요. 건강이 걱정돼요.
장티푸스,요즘 설사가 나고 하루에 여러 번 물 같은 변을 봐요. 입맛도 없고 계속 메스꺼워요. 게다가 열도 조금씩 나기 시작했어요.
장티푸스,저 요즘 몸이 많이 약해진 것 같아요. 속도 많이 불편하고 변비도 심해서 너무 힘들어요. 가끔씩 구역질이 심하게 나서 아무것도 먹을 수가 없어요.
장티푸스,배 쪽에 이상한 통증이 있어요. 왜 그런지 모르겠어요. 게다가 약간 열도 나고 오한이랑 두통도 시작됐어요.
장티푸스,"밤마다 열이 많이 나고, 정말 불편해요. 머리도 좀 아프고, 변비랑 설사도 있어요. 아무것도 먹고 싶지 않아요."
장티푸스,요즘 구토랑 설사 때문에 수분 보충이 잘 안 돼요. 열도 많이 나고 변비에 두통도 있어요. 게다가 배 쪽에 이상한 통증이 생기기 시작해서 몸을 잘 못 움직이겠어요.
장티푸스,"지난주부터 두통이 점점 심해지고 있어요. 게다가 배도 아프고, 변비랑 설사도 같이 겪고 있어요. 무슨 일인지 모르겠고 정말 걱정돼요."
장티푸스,"지난주에 구역질이랑 구토 때문에 많이 못 먹어서 체중이 많이 줄었어요. 그러고 나서 고열이랑 두통, 복통도 생겼어요."
장티푸스,요즘 설사랑 변비가 번갈아 가면서 있어서 좀 걱정이에요. 배도 심하게 아프고요. 계속 피곤하고 아무것도 먹고 싶지 않아요.
장티푸스,요즘 설사랑 물 같은 변을 하루에 여러 번 보고 있어요. 식욕도 없고 계속 속이 안 좋아요. 약간 열도 나는 것 같고요. 배도 많이 아파요. 왜 이런지 잘 모르겠어요.
수두,온몸이 너무 가려워서 미치겠어요. 게다가 피부에 빨갛고 염증이 있는 발진도 생겼어요.
수두,"요즘 너무 피곤하고 기운이 하나도 없어요. 낮에도 눈을 간신히 뜨고 있을 정도고, 무기력해서 아무것도 할 의욕이 안 생겨요."
수두,"며칠 동안 열이 많이 났어요. 왜 그런지 잘 모르겠어요. 그리고 피부에 발진도 생겼는데, 가려워서 긁지 않고 참기가 힘들어요."
수두,요즘 입맛이 없어서 아무것도 못 먹겠어요. 건강이 걱정돼요.
수두,몸에 이유를 모르겠는 작은 빨간 점들이 생겼어요. 좀 걱정돼요. 너무 피곤하고 매일 밤에 약간 열도 나요.
수두,림프절이 부어서 목이랑 겨드랑이가 불편해요. 왜 그런지 모르겠어요.
수두,"속이 너무 안 좋고 뭔가 잘못된 것 같아요. 뭐 때문인지 모르겠어요. 팔에 작은 빨간 점들이 생겼는데, 만지면 가려워요."
수두,밤에 가려워서 잠을 잘 못 자겠어요. 쉬지를 못하겠어요. 게다가 식욕도 없고 기운도 없어요.
수두,피부에 생긴 이 발진이 걱정돼요. 빠르게 번지고 있어서 불편함이 많아요. 가려움 때문에 밤에 잠도 거의 못 자겠어요.
수두,요즘 기운이 하나도 없고 입맛도 없어요. 몸이 너무 안 좋은데 뭐가 문제인지 모르겠어요.
수두,"피부에 빨갛고 염증이 있는 발진이 생겼는데, 몸 전체로 퍼지고 있어요. 특히 팔이랑 다리가 심하게 가려워서 힘들어요."
수두,"며칠째 열이 많이 나서 걱정이에요. 왜 그런지 모르겠어요. 그리고 팔이랑 다리에 빨간 반점이 생겼는데, 몇 군데는 부어오르기까지 했어요."
수두,"피부에 빨갛고 부어오른 발진이 생겼는데, 이게 온몸으로 퍼지고 있어요. 약간 열도 나고, 많이 불편해요."
수두,"요즘 너무 피곤하고 기운이 하나도 없어요. 낮에는 눈을 간신히 뜨고 있을 정도고, 무기력해서 아무것도 할 의욕이 안 생겨요."
수두,"몸에 작은 빨간 반점들이 생겼는데, 왜 그런지 모르겠어요. 그게 가렵고 불편한데 빠르게 퍼지는 것 같아서 걱정돼요."
수두,밤에 가려워서 잠을 잘 못 자겠어요. 발진이 너무 가렵고 불편해서 쉬지를 못하겠어요. 정말 피곤하고 지칩니다.
수두,"요즘 기운도 없고 입맛도 없어요. 열도 많이 나고 두통도 심한데, 뭐가 문제인지 모르겠어요."
수두,고열이랑 림프절 부어서 너무 불편해요. 두통도 있고 몸이 약하고 피곤해요. 열 때문에 집중하기가 힘들어요.
수두,피부에 난 발진 때문에 너무 불편해요. 빨갛고 염증이 생겨서 온몸으로 퍼지고 있어요. 특히 팔이랑 다리에 가려움증이 심하게 동반돼요.
수두,"몸에 빨간 반점이 생겼는데 왜 그런지 모르겠어요. 반점들이 가렵고 부어오르기 시작했는데, 점점 빠르게 퍼지고 있어요."
수두,팔이랑 얼굴에 작은 림프절이 생겼어요. 가려워서 하루 종일 너무 불편해요.
수두,요즘 기운이 하나도 없고 입맛도 없어요. 몸이 너무 안 좋은데 뭐가 문제인지 모르겠어요. 게다가 피부에 작은 빨간 점들도 생기기 시작했어요.
수두,"지난 며칠 동안 미열이 있었는데, 이제 슬슬 걱정이 되네요. 열이 심한 두통이랑 같이 오고 있어요. 몸이 약하고 기운이 없어요."
수두,"림프절이 부어있고 몸 전체에 빨간 반점이 생겨서 불편해요. 그리고 약간 열도 나고, 대부분의 시간 동안 피곤해요."
수두,온몸이 너무 가려워서 미치겠어요. 게다가 빨갛고 자극적인 발진도 생겼어요.
수두,"피부에 발진이 생겼는데, 긁지 않기가 너무 힘들어요. 그리고 며칠째 고열이 나고 있어요. 뭐가 원인인지 잘 모르겠어요."
수두,몸에 빨간 반점 같은 게 생겼는데 왜 그런지 모르겠어요. 걱정돼요. 식욕도 없고 매일 밤 너무 피곤하고 두통도 심해요.
수두,"저 진짜 몸이 안 좋고 식욕도 없어요. 팔이랑 목, 얼굴에 작은 빨간 반점들이 생겼는데, 만지면 간지러워요."
수두,"팔이랑 다리에 빨간 반점이 생겼는데, 긁으면 밤에 잠을 잘 못 자겠어요. 그리고 두통도 심하고 약간 열도 있어요."
수두,림프절이 부어서 너무 아파요. 몸 전체에 발진이 나서 밤새 잠을 잘 수가 없어요.
수두,"피부 발진 때문에 너무 아프고 불편해요. 빨갛고 부어오르고 있는데, 몸 전체로 번지고 있어요."
수두,고열이 나고 두통이 좀 있어요. 대부분 피곤하고 식욕이 완전히 없어졌어요.
수두,"팔이랑 얼굴에 작은 림프절이 있는데, 이게 부어오르기 시작했어요. 계속 가려움증이랑 통증이 있어서 하루 종일 너무 힘들었어요."
수두,"팔이랑 목에 림프절이 크게 부어있는데, 만지면 간지러워요. 이 간지러움 때문에 하루 종일 너무 불편해요."
수두,피부 발진 때문에 너무 아파요. 목 근처에 작은 빨간 점들도 생기고 있어요. 어제부터 심한 열이 나고 두통이랑 피로감도 있어요.
수두,"얼굴이랑 목 쪽에 작은 빨간 점들이 생기기 시작했는데, 만지면 간지러워요. 이 간지러움 때문에 하루 종일 너무 불편해요."
수두,요즘 입맛이 완전히 없어서 아무것도 못 먹겠어요. 자꾸 토할 것 같고 너무 피곤해요. 게다가 피부에 발진도 생겨서 정말 걱정돼요.
수두,열이 많이 나고 머리가 너무 아파요. 아무것도 먹을 수가 없고 토할 것 같아요. 팔에 빨간 반점도 생기고 있어요. 정말 걱정돼요.
수두,피부에 빨간 반점이 생겨서 걱정이에요. 이게 빠르게 퍼지고 있어서 문제를 많이 일으키고 있어요. 게다가 매일 밤마다 약간의 열이 나고 두통도 생기네요.
수두,"요즘 속이 너무 메스껍고 불편해요. 뭐 때문인지 잘 모르겠어요. 팔이랑 다리에 발진도 생겼고, 입맛도 없고 매일매일 너무 피곤해요."
수두,"팔이랑 다리에 있는 림프절이 붓고 빨갛게 변했는데, 만지면 간지러워요. 그리고 머리도 너무 아프고 열도 좀 나요. 입맛이 없어서 아무것도 먹고 싶지 않아요."
수두,요즘 너무 피곤하고 기운이 없어요. 낮 동안에도 눈을 거의 못 뜨겠어요. 약간 열도 나고 아무것도 먹고 싶지 않아요. 입맛이 떨어진 것 같아요.
수두,저 너무 피곤하고 입맛이 없어요. 속이 메스껍고 아무것도 못 먹겠어요. 게다가 피부랑 목 주변에 작은 빨간 점들이 생기기 시작했어요. 건강이 정말 걱정돼요.
수두,온몸에 작은 빨간 점들이 생겼어요. 가렵고 불편해요. 그리고 약간 열도 나고 머리도 아파요.
수두,온몸이 심하게 가려운데다가 열도 나고 머리도 아파요. 빨간 반점들이 부풀어 오르기 시작해서 매일매일 너무 불편해요.
수두,"매일 피곤해요. 팔이랑 등에 빨간 반점이 생겼는데, 만지면 간지러워요. 정말 걱정되는데 어떻게 해야 할지 모르겠어요."
수두,열이 많이 나고 림프절이 부어서 두통도 심해요. 아무것도 먹고 싶지 않고 기운이 없어서 피곤해요. 일상생활에 집중하기가 힘들어요.
수두,열이 많이 나고 온몸에 빨간 반점이랑 발진이 생겼어요. 너무 피곤하고 입맛도 완전히 떨어져서 기운이 하나도 없고 축 처져 있어요. 정말 걱정돼요.
수두,팔이랑 목에 발진이 생겼는데 긁으면 가려워요. 며칠째 고열도 나고 있고요. 뭐가 원인인지 전혀 모르겠어요. 가려움 때문에 너무 불편해요.
수두,온몸에 빨갛게 부어오른 발진이 있어요. 만지면 가려워요. 게다가 열도 많이 나고 두통도 있어서 항상 피곤해요.
농가진,얼굴이랑 목에 피부 발진이 생겼어요. 발진이 빨갛고 물집이 잡혀 있어요. 건강이 걱정돼요.
농가진,"피부에 물집이 잡힌 발진이 생겼어요. 이 물집들은 부풀어 오르고 액체가 차 있는데, 만지면 아파요. 그리고 고열도 나고 있어요."
농가진,"열이 많이 나고, 코 근처에 빨간 염증이 생겼어요. 그 염증들이 아프고 노란색 녹 같은 진물이 나오고 있어요."
농가진,코 주변에 발진이 생기고 큰 빨간 상처들이 있어요. 그런데 이 발진이 몸 다른 부분으로도 번지는 것 같아요. 그리고 매일 밤마다 열이 많이 나요.
농가진,"지난 며칠 동안 열이 많이 나고 있어요. 코 주변에 상처도 생기고 있는데, 이게 너무 아파서 요즘 정말 불편해요."
농가진,"제 피부에 발진이 생겼어요, 주로 코 주변에요. 그런데 이 발진이 몸 다른 부분으로도 퍼지고 있어요. 정말 걱정돼요."
농가진,"요즘 너무 피곤하고 열도 많이 나요. 코랑 입 주변에 발진도 생겼는데, 가려워서 잠도 제대로 못 자겠어요."
농가진,"열이 심하게 나고 몸이 너무 힘들어요. 얼굴에 상처 같은 게 생겼는데, 가렵고 불편해요. 가끔 상처에서 노란색 진물이 나와요."
농가진,얼굴에 난 상처들이 낫는 데 시간이 더 걸리고 감염이 잘 되는 것 같아요. 얼굴에 난 상처들이 부어오르고 만지면 아파서 너무 불편해요.
농가진,얼굴이랑 코 주변에 빨간 상처가 생겼어요. 그리고 목이랑 가슴 쪽으로 발진이 더 빨리 번지는 것 같아요.
농가진,코 주변에 생긴 상처가 딱지가 생겨서 만지기가 힘들어요. 예전에는 상처에서 노란 녹색 같은 액체가 나왔었어요. 이거 처리하는 데 시간이 훨씬 더 걸리고 있어요.
농가진,며칠 전에 코 근처에 작은 발진이 생겼어요. 그런데 지금은 그 발진이 화끈거리고 피부가 빨개졌어요. 뭔가 감염된 것 같아요.
농가진,"처음에는 코랑 목 근처에 작은 빨간 상처가 생겼어요. 그런데 이제는 열도 많이 나고, 그 상처들이 며칠 사이에 더 아프고 부어올랐어요."
농가진,"얼굴에 피부 발진이 생긴 걸 발견했어요. 물집 같은 상처로 되어 있었는데, 오늘 보니까 거기서 노란색 액체가 나오더라고요. 이게 뭔지 잘 모르겠어요."
농가진,얼굴에 난 상처에서 맑은 액체가 나오기 시작했어요. 그리고 매일 밤 열이 많이 나고 오한이 들어서 밤새 잠을 못 자겠어요.
농가진,"처음에는 얼굴이랑 코 주변에만 발진이 있었는데, 이제는 팔이랑 다리 쪽으로도 번지고 있어요."
농가진,"매일 밤마다 열이 많이 나고 얼굴, 특히 코 주변에 상처가 생겼어요. 그런데 이 상처들이 잘 안 낫고 감염도 잘 되는 것 같아요."
농가진,"코 주변에 생긴 상처가 이제 빨갛게 염증이 생겼어요. 발진 때문에 피부가 건조하고 벗겨지는데, 상처에서는 노란색 액체도 보이네요."
농가진,저도 요즘 감기 같은 증상이 있어요. 열도 나고 몸살도 있는 것 같아요. 그런데 코랑 입술 주변에 빨간 발진이랑 물집 같은 게 생겼어요. 가렵고 불편해요.
농가진,저 미열이랑 두통이 있어요. 코 근처에 작은 상처들도 생겼고 목에는 발진도 있어요. 요즘 정말 힘든 시간을 보내고 있어요.
농가진,코 주변에 특히 심한 발진이 있어요. 큰 빨간 상처가 있는데 아프고 노란 녹슨 색깔의 진물이 나와요.
농가진,"얼굴에 주로 코랑 입술 근처에 상처가 생겼어요. 그 상처들이 불편하거나 아프고, 거기서 노란색이나 녹슨 색깔의 액체가 나와요."
농가진,얼굴이랑 코 주변에 상처가 생기기 시작했어요. 왜 그런지 잘 모르겠어요. 얼굴에 난 상처가 부어오르고 만지면 아파요. 그리고 피부가 화끈거리고 빨갛게 변했어요.
농가진,얼굴에 난 발진이 며칠 사이에 더 아프고 염증이 심해졌어요. 그리고 상처에서 맑은 액체가 나오기 시작했어요. 하루하루 지나갈수록 너무 아파요.
농가진,"얼굴에 발진이 생겼어요. 코 주변에 작은 상처들이 생기기 시작했는데, 그 상처에서 자주 노란 액체가 나와요. 상처들이 점점 너무 아파지고 있어요."
농가진,저 진짜 너무 아파요. 열도 많이 나고 머리도 아파요. 팔이랑 얼굴에 발진도 생겼어요. 이게 너무 걱정돼요. 오늘은 코 근처에 빨간 상처 같은 것도 봤어요.
농가진,지난 며칠 동안 열이 많이 나고 있어요. 코 주변에 염증도 생기고 몸 여기저기에 발진이 생겼어요. 염증이 심해서 요즘 너무 불편해요.
농가진,"열이 많이 나고 몸이 너무 힘들어요. 얼굴에 상처가 생겼는데, 물집이 가렵고 아파요. 상처에서 노란 진물이 자꾸 나와요."
농가진,"피부에 발진이 생기고 화끈거리는 상처가 있어요. 물집이 잡힌 상처는 액체가 차 있고, 붉은 색의 튀어나온 병변인데 만지면 불쾌해요. 그리고 열도 많이 나고 있어요."
농가진,"저 피부병이 생긴 것 같아요. 얼굴에 발진이 생겼고 코 근처에 작은 상처들이 있어요. 그 상처들이 빨갛게 변하고 아픈데, 거기서 노란색 진물이 좀 나와요."
농가진,"얼굴에 난 상처들이 예전보다 잘 안 낫고 감염도 잘 되는 것 같아요. 볼에 난 상처는 크고 만지면 아프고, 정말 다루기 힘들어요. 이 상처들이 잘 없어지질 않네요."
농가진,"열이 많이 나고 있어요. 얼굴이랑 목, 팔에 피부 발진이 생겼어요. 발진이 화끈거리는 빨간 병변으로 되어 있어서 건강이 걱정돼요."
농가진,피부에 물집이 잡힌 발진이 생겼어요. 이 물집들은 액체로 가득 차 있고 만지면 불쾌해요. 그리고 열도 많이 나고 있어요.
농가진,"열이 많이 나고 코 근처에 빨간 상처가 생겼어요. 그 상처들이 아프고, 거기서 노란색에 녹슨 색깔 같은 액체가 나오고 있어요."
농가진,"코 주변에 발진이 생기고, 큰 빨간 상처도 있어요. 발진이 다른 부위로도 번지고 있는 것 같아요. 게다가 매일 밤 열도 많이 나요."
농가진,볼이랑 코에 빨간 상처가 생겼어요. 목이랑 가슴 쪽에 난 발진도 더 빨리 퍼지고 있는 것 같아요. 그리고 약간 열도 나고 있어요.
농가진,코에 생긴 상처가 딱지가 생겨서 건드리기 힘들어요. 예전에는 노란색이나 녹슨 색깔의 액체가 나왔었거든요. 약을 써도 낫는 데 시간이 더 오래 걸리는 것 같아요.
농가진,며칠 전에 코 주변에 작은 발진이 생겼어요. 지금은 그 발진이 화끈거리고 피부가 빨개지면서 진물도 나고 있어요. 뭔가 감염된 것 같아요.
농가진,"처음에는 코랑 목 근처에 작은 빨간 상처가 생겼어요. 그런데 요즘 들어 열도 많이 나고, 그 상처들이 더 아프고 붓기 시작했어요."
농가진,"코랑 입술 주변에 발진이 생겼는데, 큰 빨간 병변이 있어서 아프고 노란 녹슨 색깔의 액체가 나와요."
농가진,"얼굴에 상처가 많이 났어요. 대부분 코랑 입술 근처에 있어요. 이 상처들 때문에 불편하고 아프고, 노란색이나 갈색 같은 액체가 나오고 있어요."
농가진,"얼굴이랑 코에 상처가 나기 시작했어요. 왜 그런지 전혀 모르겠어요. 볼에 난 상처는 크고 만지면 거슬리고, 화끈거리고 피부도 빨개요."
농가진,지난 이틀 동안 얼굴에 난 발진이 더 심해지고 염증도 생겼어요. 물집에서는 맑은 고름이 나기 시작했고요. 정말 아파서 견디기 힘들어요.
농가진,"피부에 문제가 생긴 것 같아요. 얼굴에 두드러기랑 작은 물집이 코 주변에 생겼어요. 상처가 빨갛고 아프고, 거기서 노란 진물이 나와요."
농가진,얼굴에 난 병변들이 회복이 더디고 감염이 잘 되는 것 같아요. 볼에 난 병변들은 크고 만지면 불쾌하고 치료하기가 정말 힘들어요. 이 상처들이 잘 낫질 않네요.
농가진,"열이 많이 나고 얼굴, 목, 팔에 발진이 생겼어요. 발진이 아프고 빨갛게 올라왔어요. 건강이 걱정돼요."
농가진,지난주부터 얼굴에 난 발진이 더 심해지고 아파졌어요. 그리고 상처에서 노란색 액체가 나오기 시작했어요. 하루하루 점점 더 아파지고 있어요.
농가진,"얼굴에 발진이 생겼어요. 코 주변에 작은 상처들이 생기고, 거기서 노란 진물이 자꾸 나와요. 상처들이 점점 더 아파지고 있어요."
농가진,"저기, 몸이 좀 안 좋은데요. 열이 많이 나고 머리도 아파요. 팔이랑 얼굴에 발진도 생겼어요. 이거 좀 걱정되네요. 오늘은 코랑 입술 주변에 빨간 상처 같은 것도 보였어요."
농가진,얼굴에 난 발진이 잘 낫지 않아요. 약도 몇 가지 써봤는데 별로 효과가 없네요. 최근에는 코 근처에 작은 상처도 생겼어요. 아프고 다루기 너무 힘들어요.
뎅기열,관절이 너무 아프고 계속 토해요. 피부에 발진이 생겼는데 온몸에 퍼져 있고 가려움도 심해요.
뎅기열,따뜻한 곳에 있어도 계속 춥고 몸이 떨려요. 허리는 계속 아프고 팔에는 빨간 점들이 생겼어요.
뎅기열,요즘 관절이 너무 아파서 움직이기도 힘들고 일상생활도 제대로 못 하고 있어요. 게다가 입맛도 없어서 자꾸 기운이 빠지는 것 같아요.
뎅기열,요즘 자꾸 토하고 식욕도 없어요. 게다가 관절이랑 허리도 계속 아파요.
뎅기열,고열이 나고 심한 두통이랑 몸살이 있어요. 매일 밤마다 오한이 들고요. 눈 뒤쪽에도 뚜렷한 통증이 느껴져요.
뎅기열,"요즘 너무 피곤하고 기운이 하나도 없어요. 목에 발진도 생겼는데, 만지면 가려워요."
뎅기열,머리가 너무 아픈데 눈 뒤쪽도 같이 아파요. 입맛도 없고 매일 밤마다 오한이 들어요.
뎅기열,요즘 계속 속이 메스껍고 토할 것 같아요. 눈 뒤쪽이 심하게 아프고 팔에는 작은 빨간 점들이 많이 생겼어요.
뎅기열,몸에 빨갛고 가려운 발진이 생겼어요. 염증도 있는 것 같아요. 그리고 고열이 나고 오한이랑 몸이 떨리는 증상도 있어요.
뎅기열,요즘 근육통 때문에 움직이기가 힘들어요. 입맛도 없고 속이 메스꺼워요. 다리랑 허리도 많이 아파요.
뎅기열,앉아 있거나 오래 서 있으면 허리가 더 아파요. 그리고 몸 전체에 발진도 생겼어요. 눈 뒤쪽도 아프네요.
뎅기열,"피부에 발진이 생겼는데, 빨갛고 부어올랐어요. 몸살이 심해서 열도 많이 나고 몸도 안 좋아요."
뎅기열,"저기, 제가 요즘 오한이랑 몸이 떨리는 증상이 있는데, 몸이 차갑고 열도 많이 나요. 그리고 팔에 발진도 생기고 목에는 빨간 점도 생겼어요."
뎅기열,"요즘 관절이 너무 아파서 계속 쑤시는 느낌이에요. 머리도 거의 항상 아프고, 약간 열도 나면서 오한이 드는 것 같아요."
뎅기열,"요즘 제가 구토를 하는데, 그게 배가 쥐어짜는 것처럼 아프고 어지러움도 같이 와요. 식욕도 없고 그래서 그런지 몸이 좀 힘이 없어요. 그리고 눈 뒤쪽도 아파요."
뎅기열,요즘 열이 많이 나고 땀도 나고 몸에 힘이 없어요. 근육도 아파서 하루 종일 일을 못 하겠어요.
뎅기열,"요즘 피로가 너무 심해서 기본적인 일조차 하기 힘들어요. 구역질도 나고 팔, 목, 다리에 발진도 생겼어요."
뎅기열,머리가 너무 아프고 머릿속이 꽉 조이는 느낌이에요. 열도 조금 나고요. 등에 작은 빨간 점들도 생겼어요.
뎅기열,요즘 속이 메스껍고 입맛도 없고 좀 불안한 느낌이 들어요. 게다가 허리도 아프고 근육통도 있어요.
뎅기열,요즘 근육통이 너무 심해서 계속 쑤시는 느낌이에요. 몸 여기저기에 빨간 반점도 생기고 가려워서 너무 불편해요.
뎅기열,"온몸에 피부 발진이 생겼고, 심하게 가려워요. 몸도 아프고 약간 열이 나면서 두통이랑 오한도 있어요."
뎅기열,"온몸이 너무 아프고, 머리도 아프고, 구토도 해요. 몸 전체에 빨간 반점이 생겼는데, 심하게 가려워요."
뎅기열,"계속 허리가 아프고, 팔이랑 목에 발진이 생겼어요. 눈 뒤쪽도 많이 아파요. 열도 나고 있어서 건강이 걱정돼요."
뎅기열,"요즘 관절이 너무 아파서 걷기도 힘들고 일상생활 하는 게 너무 어려워요. 게다가 입맛도 없어서 밥도 잘 못 먹고, 그래서 그런지 몸이 좀 약해진 것 같고 속도 울렁거려요."
뎅기열,눈 뒤쪽에 계속 불편한 느낌이 있어요. 목이랑 얼굴에 빨간 점들이 생겼고 팔에는 발진이 났어요. 팔이랑 다리가 많이 아파요. 점들이 가렵고 불편해서 걱정돼요.
뎅기열,"요즘 몸이 좀 안 좋고 토할 것처럼 속이 메스꺼워요. 눈 뒤쪽이 찌릿찌릿 아프고, 등에 빨갛게 부풀어 오른 점들이 많아요."
뎅기열,몸이 으슬으슬 춥고 열이 많이 나요. 팔에 발진도 생기고 목에는 빨간 반점이 생겼어요.
뎅기열,"요즘 관절이 너무 아파요. 거의 항상 속이 메스껍고, 열도 좀 나면서 오한이 들어요. 약을 먹어도 열이 잘 안 떨어지는 것 같아요."
뎅기열,"요즘 계속 토하고 나면 배도 아프고 어지러워요. 입맛도 없어서 기운이 없어요. 그리고 팔이랑 등, 목도 자주 아파요."
뎅기열,팔이랑 다리에 빨간 반점이 생겼는데 가렵고 염증도 있어요. 그리고 속이 메스껍고 계속 토할 것 같아요. 약간 열도 나는 것 같아요.
뎅기열,"온몸에 피부 발진이 생겼어요. 발진이 빨갛고 부어올랐는데, 특히 팔이랑 다리 쪽이 더 심해요. 그리고 입맛도 없어진 것 같아요."
뎅기열,"저기, 제가 요즘 오한이랑 몸 떨림이 있어요. 그리고 등이랑 눈 뒤쪽에 심한 통증이 느껴져요. 게다가 등에랑 목에 작은 빨간 반점도 생긴 것 같아요."
뎅기열,요즘 관절이 너무 아파서 하루하루가 너무 힘들어요. 계속 속이 울렁거리고 머리도 약간 아픈 것 같아요.
뎅기열,요즘 자꾸 토하고 식욕도 없어요. 피부에 발진도 생기고 눈이 아파서 잠도 제대로 못 자겠어요.
뎅기열,열이 많이 나고 두통도 심해요. 열이 나면서 몸살도 심하고 오한도 들어요. 건강이 걱정되는데 어떻게 해야 할지 모르겠어요.
뎅기열,요즘 너무 피곤하고 기운이 하나도 없어요. 피로가 너무 심해서 침대에서 일어나는 것도 힘들어요. 팔이랑 다리에 작은 빨간 점들도 생긴 것 같아요.
뎅기열,"머리가 너무 아픈데, 특히 눈 뒤쪽이 아파요. 피곤하고 지쳐서 하루 종일 일을 못 하겠어요. 건강이 걱정돼요."
뎅기열,요즘 계속 속이 메스껍고 토할 것 같아요. 그리고 약간 열도 나고 머리도 아파요.
뎅기열,"몸에 가려운 발진이 생겼고요, 입맛도 없고 하루 종일 너무 피곤해요. 몸에 뭔가 문제가 있는 것 같아요."
뎅기열,"근육통이랑 두통이 있어요. 근육통은 계속 쑤시는 느낌이고, 아픈 근육을 쓸 때 더 심해져요. 얼굴이랑 목, 팔에 작은 빨간 점들도 생기고 있어요."
뎅기열,"허리도 아프고 팔이랑 겨드랑이에 발진도 생겼어요. 눈알 뒤쪽이 많이 아프고, 미열도 있어서 건강이 걱정돼요."
뎅기열,"매일 밤마다 열이 너무 심하게 나고 오한이 들어요. 정말 걱정돼요. 게다가 아무것도 먹고 싶지 않고, 허리랑 팔, 다리가 너무 아파요. 눈 뒤쪽에 이상한 통증도 있어요. 그래서 아무런 신체 활동도 할 수가 없어요."
뎅기열,"요즘 자꾸 토하다 보니 입맛도 없고, 근육이랑 관절, 허리까지 계속 아파요. 열도 나기 시작했어요. 정말 걱정되는데, 어떻게 해야 할지 모르겠어요."
뎅기열,요즘 열이 심하게 나고 눈 뒤쪽이 아프면서 두통도 있어요. 너무 피곤하고 지쳐서 아무 일도 못 하겠어요.
뎅기열,온몸이 너무 아프고 아무것도 먹고 싶지 않아요. 미열이 있고 매일 밤 오한이 들어요. 그리고 등에랑 목에 빨간 반점도 생기고 있어요.
뎅기열,매일 관절이랑 허리가 아파요. 속이 메스껍고 그래서 몸이 많이 약해졌어요. 몸이 아프니까 일에 집중도 안 되고 아무것도 하기 싫어요.
뎅기열,요즘 몸이 너무 아파요. 입맛도 없고 팔이랑 얼굴에 발진도 생겼어요. 눈 뒤쪽도 많이 아파요.
뎅기열,몸에 발진이 생겼어요. 그리고 고열이 나고 오한이랑 두통도 있어요. 관절이랑 허리도 아프고 눈 뒤쪽에 이상한 통증이 있어요.
뎅기열,요즘 계속 속이 메스껍고 토할 것 같아요. 매일 밤마다 열도 많이 나고 오한도 들어서 너무 힘들어요. 게다가 입맛도 없어진 것 같아요.
뎅기열,"피부에 발진이 생겼는데, 만지면 가려워요. 하루 종일 관절이 아파서 컨디션도 안 좋아요. 밤에는 열이 좀 나고 오한이 들어서 잠도 잘 못 자겠어요."
곰팡이 감염,"피부에 붉고 염증이 있는 것처럼 보이는 두드러기 같은 게 생겼고, 다른 부분과 색이 다른 피부 변색도 있어요. 그리고 피부가 가려워요."
곰팡이 감염,"온몸에 심한 가려움증이 생기더니 빨갛고 울퉁불퉁한 발진이 생겼어요. 피부에 몇 군데는 색이 좀 어두워진 부분도 있고, 작은 결절 같은 것도 조금씩 생겼어요. 며칠째 이러고 있는데 점점 더 심해지고 있어요."
곰팡이 감염,"피부에 색이 변한 반점 같은 발진이 생겼고, 결절성 발진도 많이 생겼어요. 가려움증도 정말 심해요. 지난주 동안 더 심해졌어요."
곰팡이 감염,피부에 두드러기가 생겼는데 잘 안 없어지고 가려움증도 심해요. 게다가 피부에 색이 다른 부분이랑 혹처럼 생긴 돌기 같은 것도 보여요.
곰팡이 감염,"온몸에 발진이 생겼고, 피부가 가려워서 계속 긁게 돼요. 그리고 피부 색깔이 변한 부분도 좀 있고, 혹처럼 튀어나온 여드름 같은 것도 있어요."
곰팡이 감염,"요즘 피부가 좀 가려운데, 온몸에 발진도 생겼어요. 그리고 피부에 색이 변한 부분도 몇 군데 있고, 혹처럼 생긴 여드름 같은 것도 있어요."
곰팡이 감염,요즘 피부가 많이 가렵고 발진도 생겼어요. 게다가 피부 몇 군데가 다른 부분이랑 색이 좀 다르고요. 그리고 딱딱한 여드름 같은 것도 몇 개 생겼어요.
곰팡이 감염,"온몸이 너무 가려워서 미치겠고, 이제는 여기저기 빨갛게 변했어요. 게다가 몇 군데는 원래 피부색이랑 다르게 변했어요. 그리고 피부에 혹 같은 게 생겼어요."
곰팡이 감염,요즘 피부가 좀 이상해요. 너무 가렵고 발진도 잘 생겨요. 게다가 어떤 부분은 원래 피부색이랑 다르게 변했어요. 그리고 이제는 없던 혹 같은 게 생겼어요.
곰팡이 감염,팔이랑 다리에 빨간 여드름 같은 게 많이 나고 피부가 가려워요. 그리고 피부에 좀 이상하게 생긴 병변도 몇 개 있어요. 가끔 불편한 느낌의 혹 같은 것도 생기고요.
곰팡이 감염,피부가 가렵고 팔이랑 다리에 빨간 발진이 많이 생겼어요. 그리고 피부에 좀 이상하게 생긴 점들도 있어요. 가끔은 딱딱하게 느껴지는 발진도 생기고요.
곰팡이 감염,"선생님, 피부에 정말 가려운 발진이 생겼고 색이 다른 이상한 점들도 있어요. 그리고 피부에 작은 혹처럼 보이는 돌기도 좀 생겼어요."
곰팡이 감염,"선생님, 피부에 너무 불편한 발진이 생겼고, 색이 다른 이상한 반점들도 있어요. 그리고 작은 혹처럼 보이는 여드름도 몇 개 났어요."
곰팡이 감염,"피부에 가려운 점들이 많이 생겼고, 가끔씩 빨갛게 변하거나 울퉁불퉁해져요. 그리고 다른 피부색이랑 다른 이상한 반점들도 있고, 가끔씩 작은 공처럼 생긴 이상한 돌기들이 생기기도 해요."
곰팡이 감염,"제 피부에 가끔씩 가려운 돌기가 생기는데, 이게 가끔 빨갛게 변하거나 거칠어지기도 해요. 그리고 가끔씩 작은 공처럼 생긴 이상한 여드름 같은 것도 생기고, 다른 부분과 색이 다른 이상한 반점도 생겨요."
곰팡이 감염,"선생님, 자꾸 빨간 발진이 생기고 피부가 계속 가려워요. 게다가 피부에 색이 다른 이상한 점들도 보이고, 작은 결절 같은 게 생겼는데 점점 커지는 것 같아요."
곰팡이 감염,"온몸에 정말 심한 가려움증이 있고, 피부에 붉은 반점이랑 두드러기 같은 게 생겼어요. 그리고 피부 색이랑 다른 이상한 색깔의 반점들도 있고, 가끔씩 작은 혹처럼 보이는 결절도 생기네요."
곰팡이 감염,"온몸이 너무 가려워서 긁다 보니 피부가 빨개지고 여드름처럼 뭐가 났어요. 게다가 가끔씩 작은 여드름 같은 결절도 생기고, 피부 색이 다른 이상한 반점도 생기네요."
곰팡이 감염,"요즘 가려움증이 심해지고 있는데, 시간이 지날수록 더 심해지는 발진도 같이 생겼어요. 그리고 피부 중에 다른 부분과 색이 다른 곳도 있고, 작은 혹처럼 보이는 덩어리들도 몇 개 발견했어요."
곰팡이 감염,"요즘 가려움증이 심해서 너무 힘들어요. 게다가 시간이 지날수록 더 심해지는 발진도 생겼어요. 피부 일부가 다른 부분과 색이 다르게 변한 곳도 있고, 작은 결절처럼 보이는 혹 같은 것도 생겼어요."
곰팡이 감염,"선생님, 피부에 불편한 발진이 생겼고 색이 다른 이상한 부분도 있어요. 그리고 피부에 작은 혹처럼 보이는 여드름도 몇 개 있어요."
곰팡이 감염,"요즘 가려움증이 심하고, 시간이 지날수록 더 심해지는 발진도 생겼어요. 그리고 피부색이 다른 부분도 있고, 작은 혹처럼 보이는 것도 몇 개 있어요."
곰팡이 감염,요즘 피부가 좀 이상해요. 너무 가렵고 발진도 잘 생기고요. 게다가 몇 군데는 원래 피부색이랑 다르게 변했어요. 그리고 이제는 없던 혹 같은 것도 생겼어요.
곰팡이 감염,최근에 피부에 발진이 생기면서 심한 가려움과 불편함이 같이 나타나고 있어요. 피부 여기저기에 색이 변한 반점이랑 작은 혹 같은 것도 생기고 있어요.
곰팡이 감염,"피부가 항상 가렵고 가끔씩 거칠고 빨갛게 변해요. 게다가 가끔씩 작은 공처럼 생긴 여드름 같은 게 생기고, 다른 부분과 색이 다른 점들도 생겨요. 정말 짜증나고 가려워요."
곰팡이 감염,"온몸에 가려움증이 심하고, 가끔씩 피부가 빨갛게 부풀어 오르기도 해요. 그리고 피부 색이 다른 부분도 있고, 작은 공처럼 생긴 작은 돌기들이 생기기도 해요. 정말 짜증나고 가려워요."
곰팡이 감염,"온몸에 가려움증이 좀 심하게 있는데, 피부에 빨갛고 울퉁불퉁한 부분도 몇 군데 있어요. 그리고 작은 공처럼 생긴 여드름 같은 것도 생겼고, 피부 색이 다른 부분도 있어요."
곰팡이 감염,"온몸에 가려움증이 심하게 있고, 피부에 빨갛고 울퉁불퉁한 부분도 생겼어요. 그리고 피부 중에 다른 부분보다 색이 다른 부분도 있고, 작은 공처럼 생긴 여드름 같은 것도 생겼어요."
곰팡이 감염,"요즘 몸 전체가 너무 가려워서 짜증나요. 피부에 빨갛고 울퉁불퉁한 반점도 생겼어요. 그리고 피부 색이 다른 부분도 있고, 작은 공처럼 생긴 돌기도 몇 개 있어요."
곰팡이 감염,"온몸에 가려움증이 심하게 있고, 피부에 붉고 울퉁불퉁한 부분도 생겼어요. 그리고 피부 일부가 다른 부분보다 색이 좀 다르게 보이는 곳도 있고, 작은 공처럼 생긴 여드름 같은 것도 생겼어요."
곰팡이 감염,"요즘 몸이 너무 가려워서 힘들어요. 피부 여기저기에 발진 같은 게 생겼고, 다른 부분보다 색이 좀 다른 곳도 있어요. 그리고 딱딱한 느낌의 혹 같은 것도 좀 생겼어요."
곰팡이 감염,"요즘 피부가 많이 가려워서 긁었더니 여기저기 발진 같은 게 생겼어요. 그리고 피부 색깔이 다른 부분보다 좀 더 어두운 부분도 있고, 딱딱한 혹 같은 것도 만져져요."
곰팡이 감염,"요즘 몸이 좀 가려운데, 피부 여기저기에 발진 같은 게 생겼어요. 그리고 피부 중에 다른 부분보다 색이 더 짙은 곳도 있고, 아픈 혹 같은 것도 있어요."
곰팡이 감염,"요즘 자꾸 몸이 가려워서 긁게 되는데, 피부에 발진 같은 게 많이 생겼어요. 그리고 좀 단단한 여드름 같은 것도 몇 개 있고, 피부 중에 다른 부분보다 갈색으로 변한 곳도 있어요."
곰팡이 감염,"요즘 피부가 너무 가려워서 힘들어요. 여기저기 발진 같은 게 생겼고, 피부 색이 다른 부분도 있어요. 그리고 딱딱한 느낌의 작은 혹 같은 것도 생겼어요."
곰팡이 감염,"요즘 피부가 너무 가려워서 힘들어요. 몸 여기저기에 발진도 생겼고요. 딱딱한 느낌의 혹 같은 것도 있고, 피부색이 다른 부분보다 좀 더 어두운 곳도 있어요. 정말 불편해요."
곰팡이 감염,"피부 여기저기에 발진이 생겨서 정말 짜증나요. 게다가 꽤 단단한 혹도 있고, 다른 부분보다 색이 다른 부분도 있어요."
곰팡이 감염,"요즘 자꾸 몸을 긁게 되고 피부에 발진 같은 게 많이 생겼어요. 게다가 피부색이 좀 이상한 부분도 몇 군데 있고, 꽤 아픈 혹 같은 것도 생겼어요."
곰팡이 감염,"요즘 정말 간지러운데 피부 여기저기에 발진 같은 게 생겼어요. 그리고 피부 색이 좀 이상한 부분도 있고, 딱딱한 느낌의 작은 혹 같은 것도 있어요."
곰팡이 감염,"요즘 몸이 좀 가려운데, 여기저기 발진도 생겼어요. 그리고 피부 색이 좀 이상한 부분도 있고, 딱딱한 혹 같은 것도 만져져요."
곰팡이 감염,"요즘 피부가 가렵고 여기저기 발진 같은 게 생겼어요. 그리고 피부 색이 좀 이상한 부분도 있고, 아프게 튀어나온 것도 있어요."
곰팡이 감염,"요즘 몸이 많이 가려워서 자꾸 긁게 되고, 피부에 발진 같은 게 많이 생겼어요. 게다가 몇 군데는 피부 색이 평소랑 다르게 보이고, 몽우리 같은 것도 생겼는데 그게 너무 아파요."
곰팡이 감염,"요즘 계속 가려운데 피부에 빨갛고 울퉁불퉁한 점들이 생겼어요. 그리고 피부 색이 다른 부분도 있고, 작은 혹처럼 생긴 것도 좀 있어요."
곰팡이 감염,"피부에 빨갛고 울퉁불퉁한 부분이 생겼고, 계속 긁고 있어요. 그리고 작은 혹처럼 생긴 것도 있고, 다른 부분보다 색이 다른 점들도 있어요."
곰팡이 감염,"피부가 많이 가려운데 가끔 발진으로 변해요. 그리고 피부 색이 다른 이상한 반점들도 있고, 가끔씩 작은 뾰루지 같은 것도 생겨요."
곰팡이 감염,"피부가 자꾸 가려워서 긁다 보면 발진이 생기곤 해요. 그리고 피부색이 다른 이상한 반점들도 있고, 자주 작은 혹 같은 게 생기기도 해요."
곰팡이 감염,"요즘 피부가 많이 가려운데, 가끔 발진도 생겨요. 그리고 피부 색이 다른 이상한 반점들도 있고, 가끔 작은 결절처럼 보이는 작은 혹도 생기곤 해요."
곰팡이 감염,"온몸이 너무 가려워서 미치겠어요. 이제는 빨간 반점도 여기저기 생겼고요. 어떤 부분은 제 원래 피부색이랑 다르게 보이기도 해요. 그리고 피부에 뭐가 났는데, 혹처럼 생기기도 하고 여드름처럼 보이기도 해요."
곰팡이 감염,"요즘 피부가 너무 가려워서 가끔 발진도 생겨요. 그리고 피부 색깔이 다른 부분도 몇 군데 있고, 가끔씩 작은 혹 같은 게 생기기도 해요."
곰팡이 감염,요즘 몸 여기저기 심하게 가려운 곳마다 빨간 반점이 생겼어요. 몇몇 부분은 제 원래 피부색이랑도 좀 다르고요. 그리고 피부에 혹 같은 것도 생겼어요.
감기,"자꾸 재채기가 나고 콧물이 너무 많이 나와요. 그리고 계속 춥고 피곤해요. 기침도 많이 하고요. 열도 정말 많이 나는데, 정상보다 훨씬 높은 것 같아요."
감기,코가 너무 많이 나와서 계속 재채기가 멈추질 않아요. 그리고 계속 춥고 피곤하고 기침도 많이 하고 있어요. 열도 정상보다 훨씬 높아서 너무 높아요.
감기,"계속 재채기가 멈추질 않고, 오한이 가시질 않아요. 몸이 너무 약하고 피곤해서 힘들고, 기침도 계속 나요. 열도 정말 많이 나고 있어요."
감기,"계속 재채기가 멈추질 않고, 이 오한도 도저히 가시질 않네요. 몸이 너무 힘들고 지쳐요. 기침도 계속 나고, 열도 정말 많이 나요."
감기,계속 재채기가 나고 추워서 몸이 덜덜 떨려요. 너무 피곤해서 거의 움직일 수가 없고 머리가 깨질 것처럼 아파요. 열도 엄청 높아요.
감기,"계속 재채기가 나고, 추워서 몸이 떨려요. 너무 지쳐서 거의 움직일 수가 없고, 머리도 아파요. 열도 꽤 많이 나요."
감기,요즘 너무 피곤하고 몸이 안 좋아요. 재채기가 계속 나고 몸이 으슬으슬 추워요. 머리가 지끈거리고 기운도 없어요. 게다가 열도 많이 나고 몸이 불덩이 같아요.
감기,"요즘 너무 피곤하고 아픈 것 같아요. 재채기도 많이 하고, 몸이 도통 따뜻해지질 않아요. 너무 지치고 머리도 깨질 것처럼 아파요. 열도 너무 높아서 몸이 끓는 것 같아요."
감기,요즘 너무 피곤하고 아픈 느낌이에요. 목도 꽤 아프고 기침도 심하게 나요. 몸에 오한이 많이 들고 열도 꽤 높아요. 그냥 너무 지치고 힘이 하나도 없어요.
감기,요즘 너무 피곤하고 몸이 안 좋아요. 재채기도 많이 하고 몸이 잘 안 따뜻해져요. 너무 지치고 머리도 아파요. 열이 너무 올라서 몸이 불덩이 같아요.
감기,자꾸 재채기가 나고 너무 피곤하고 기운이 없어요. 목도 너무 아프고 코랑 목에 가래 같은 게 많이 끼어 있어요. 목도 붓고 부은 것 같아요.
감기,계속 재채기가 나고 너무 피곤하고 아파요. 목도 정말 불편하고 코랑 목에 뭐가 많이 낀 것 같아요. 목도 붓고 부어올랐어요.
감기,"자꾸 재채기가 나고 너무 힘들고 피곤해요. 코랑 목에 끈적거리는 게 많이 있고, 목도 정말 아파요. 목도 붓고 부어오른 느낌이에요."
감기,요즘 너무 피곤하고 속이 안 좋아요. 기침도 심하게 나고 목도 많이 아파요. 코가 막히고 부비동 압박감도 심하네요. 몸이 너무 안 좋고 지쳤어요.
감기,"요즘 재채기를 너무 많이 하고, 몸이 너무 피곤하고 아픈 것 같아요. 코에서 이상한 게 많이 나오고, 목도 너무 따끔거려요. 그리고 목도 부은 것 같아요."
감기,요즘 숨 쉴 때 쌕쌕거리고 전반적으로 몸이 안 좋고 너무 피곤해요. 목이 너무 따갑고 코에서는 계속 이상한 게 나와요. 그리고 목도 부은 것 같아요.
감기,"제 부비동이 너무 막힌 것 같고, 눈도 계속 빨개요. 항상 지치고 피곤한 느낌이에요. 게다가 목에 가래도 많이 끼고 불편해요. 림프절이 부은 것 같고, 숨 쉬는 것도 힘들어요."
감기,눈이 너무 빨갛고 코가 막힌 느낌이에요. 기운도 하나도 없고 목이 간질간질해요. 그리고 림프절도 부은 것 같고 가래도 많이 나와요.
감기,코가 막히고 눈도 많이 빨개졌어요. 그냥 기운이 없고 목도 너무 따끔거려요. 림프절도 부은 것 같고 가래도 많이 나와요.
감기,"눈이 항상 빨갛고 가려워요. 코는 막히고 답답한 느낌이에요. 계속 아프고 피곤한 느낌이 들고, 자꾸 가래가 나와요. 목도 아프고 따끔거리고, 목에 있는 혹이 평소보다 더 커진 것 같아요."
감기,코가 항상 막히고 답답해요. 눈은 계속 빨갛고 가려워요. 몸이 좀 안 좋고 피곤한 느낌이에요. 자꾸 가래가 나와요. 목이 따끔거리고 자극받은 것 같아요. 그리고 목에 있는 혹들이 평소보다 커진 것 같아요.
감기,"자꾸 재채기가 나고 눈물이 계속 나요. 목에 뭔가 걸린 것 같아서 숨쉬기가 너무 힘들어요. 자주 피곤하고, 요즘 가래도 많이 생겼어요. 게다가 림프절도 부어 있어요."
감기,눈이 계속 빨갛고 눈물이 자꾸 나요. 그리고 부비동에 압박감이 있어서 잘 안 없어져요. 항상 피곤하고 숨 쉬는 것도 많이 힘들어요. 목에는 가래가 많이 끼고 림프절도 부어 있어요.
감기,눈이 계속 빨갛고 눈물이 자꾸 나요. 그리고 부비동이 계속 답답해서 신경이 쓰여요. 숨쉬기도 많이 힘들고 항상 피곤한 느낌이에요. 게다가 목에 가래가 많고 림프절도 부어 있어요.
감기,"코가 꽉 막힌 느낌이고, 눈이 계속 너무 빨갛고 눈물이 나요. 게다가 가슴도 아프고 숨 쉬는 게 많이 힘들어요. 근육도 많이 아프고 냄새도 전혀 못 맡겠어요."
감기,"눈이 보통 빨갛고 눈물이 자주 나고, 코는 항상 막혀 있어요. 숨 쉬는 것도 힘들고 가슴도 아파요. 게다가 냄새도 전혀 못 맡겠고 근육도 많이 아파요."
감기,"눈이 보통 빨갛고 염증이 있는 것 같고, 코에 뭔가 막힌 느낌이 들어요. 가래가 많이 나와서 기침도 계속 하고, 가슴도 아파요. 냄새도 전혀 못 맡겠고, 근육도 여기저기 쑤셔요."
감기,"눈이 항상 빨갛고 부어 있어요. 그리고 코에 뭐가 막힌 것 같아요. 가래가 많이 나와서 기침도 자주 하고, 가슴이 너무 답답해요. 냄새도 전혀 못 맡겠고, 근육도 너무 아파요."
감기,기침을 많이 하고 몸이 으슬으슬 추워요. 코가 꽉 막혀 있고 얼굴에 압박감도 느껴져요. 가래도 많고 기침할 때 가슴이 아파요. 냄새도 전혀 못 맡겠고 근육도 쑤셔요.
감기,며칠째 기침이랑 감기가 심해요. 코가 막히고 얼굴도 압박감이 있어요. 가래도 생기고 기침할 때 가슴이 아파요. 냄새도 전혀 못 맡겠고 근육도 쑤셔요.
감기,며칠째 기침이랑 감기가 심해요. 코가 막히고 얼굴에 압박감도 느껴져요. 가래도 나오고 가슴이 아파요. 냄새도 전혀 못 맡겠고 근육도 쑤셔요.
감기,며칠째 기침이랑 감기가 너무 심해요. 코도 막히고 얼굴이 팽팽한 느낌이에요. 게다가 가래도 나오고 가슴이 아파요. 냄새도 못 맡겠고 근육도 너무 아파요.
감기,기침이 멈추질 않고 몸이 막 떨려요. 코도 막히고 얼굴이 뭔가 뻐근해요. 게다가 목에서는 이상한 가래가 나오고 가슴도 아파요. 근육도 너무 아프고 냄새도 전혀 못 맡겠어요.
감기,기침이 멈추질 않고 너무 추워요. 코가 다 막히고 가래가 많이 나와요. 가슴도 아프고 냄새도 전혀 못 맡겠어요. 근육도 너무 아파요.
감기,"계속 기침이 멈추질 않고 너무 추워요. 콧물도 너무 많이 나오고, 코가 완전히 막혔어요. 아무 냄새도 맡을 수 없고, 가슴도 아파요. 근육도 많이 아파요."
감기,기침이 멈추질 않고 너무 추워요. 코가 완전히 막혀서 계속 콧물이 나와요. 가슴도 아프고 아무 냄새도 맡을 수가 없어요. 근육도 너무 아파요.
감기,기침이 많이 나고 숨쉬기가 좀 힘들어요. 목도 아프고 가슴에 가래가 많이 낀 것 같아요. 콧물도 많이 나고 코가 꽉 막힌 느낌이에요.
감기,요즘 너무 피곤하고 아픈 것 같아요. 목도 많이 아프고 기침도 심하게 나요. 몸에 열도 많이 나고 오한도 심해요. 그냥 너무 지치고 힘이 하나도 없어요.
감기,"요즘 너무 피곤하고 몸이 안 좋아요. 목이 정말 아프고 기침도 심하게 나요. 코도 꽉 막혀 있고, 부비동 압박감도 심해요. 정말 힘들고 너무 지쳐요."
감기,요즘 몸이 너무 안 좋고 피로가 심해요. 기침도 심하게 나고 목도 너무 아파요. 부비동 압박감도 심하고 코도 꽉 막혀 있어요. 그냥 너무 지치고 힘들어요.
감기,"요즘 너무 피곤하고 아픈 것 같아요. 목도 많이 아프고 기침도 심하게 나요. 몸에 오한도 많이 들고 열도 꽤 높은 것 같아요. 한마디로, 몸이 너무 지치고 힘이 없어요."
감기,요즘 너무 피곤하고 아픈 것 같아요. 기침도 심하고 목도 많이 아파요. 몸에 오한이 많이 들고 열도 꽤 높아요. 그냥 계속 지치고 힘이 없어요.
감기,자꾸 재채기가 멈추질 않고 콧물도 줄줄 나요. 그리고 계속 춥고 피곤해요. 기침도 많이 하고 열도 너무 높아서 평소보다 훨씬 높은 것 같아요.
감기,요즘 너무 몸이 안 좋아요. 코가 많이 막히고 콧물도 줄줄 나요. 기침도 많이 하고 가슴이 너무 아파요. 열도 너무 높고 근육통도 심하게 느껴져요.
감기,목이 부어서 너무 피곤해요. 목도 따끔거리고 눈은 빨갛게 충혈됐어요. 코가 꽉 막혀서 얼굴이 압박감을 느껴요. 가슴도 아프고 아무 냄새도 맡을 수가 없어요.
감기,요즘 기운이 없고 목이 부은 것 같아요. 눈도 빨갛고 목이 따끔거려요. 코가 심하게 막혀서 얼굴이 압박되는 느낌이에요. 냄새도 전혀 못 맡겠고 가슴도 아파요.
감기,"몸이 좀 많이 약해진 것 같고, 림프절이 부은 것 같아요. 눈이 따갑고 목도 아파요. 부비동에 압박감이 있고 코도 막혔어요. 냄새도 전혀 못 맡겠고 가슴도 아파요."
감기,"며칠째 기침이랑 감기가 심해요. 얼굴도 피곤하고 코도 막혔어요. 게다가 가래 때문에 가슴도 아파요. 냄새도 못 맡겠고, 근육도 너무 아파요."
감기,"맨날 눈이 빨갛고 눈물이 자꾸 나요. 그리고 코가 막힌 느낌이 계속 들고요. 숨 쉬는 것도 좀 힘들고, 항상 피곤해요. 림프절도 붓고, 목에 가래도 많이 끼는 것 같아요."
감기,"항상 눈이 뜨겁고 부어오르고, 뭔가가 내 부비동을 막고 있는 느낌이 들어요. 가슴이 꽤 답답하고, 가래도 많이 나와요. 냄새도 전혀 못 맡겠고, 근육도 많이 아파요."
폐렴,"요즘 너무 춥고 피곤해요. 기침도 많이 하고 가슴이 아파요. 심장도 엄청 빨리 뛰고, 기침할 때 가래 색이 약간 녹슨 색이에요."
폐렴,"요즘 기침이 많이 나고 가슴도 아파요. 몸이 너무 춥고 피곤해요. 게다가 심장이 막 두근거리고, 가래에 붉은 색이 좀 섞여 있어요."
폐렴,"요즘 너무 기운이 없고 춥게 느껴져요. 기침도 계속 나고, 기침할 때 가슴이 아파요. 심장이 막 두근거리는 것 같고요. 그리고 가래가 나오는데 색이 갈색 같아서 좀 이상해요."
폐렴,"요즘 너무 피곤하고 몸이 으슬으슬 추워요. 기침도 계속 나고, 기침할 때마다 가슴이 아프고 심장이 막 두근거려요. 그리고 가래 색깔이 이상하게 갈색빛이 돌아요."
폐렴,요즘 몸이 으슬으슬 춥고 너무 피곤해요. 기침이 계속 나는데 잘 낫질 않아요. 기침할 때 가슴도 아프고 심장이 막 엄청 빨리 뛰는 것 같아요. 그리고 가래 색깔이 좀 탁한 녹슨 색이에요.
폐렴,요즘 몸이 으슬으슬 춥고 너무 피곤해요. 기침이 도무지 멈추질 않아요. 기침할 때마다 가슴이 아프고 심장이 미친 듯이 빨리 뛰는 것 같아요. 그리고 기침할 때 녹슨 색깔의 가래가 나와요.
폐렴,요즘 너무 기운이 없고 추위를 많이 타요. 그리고 기침이 계속 안 멈추네요. 기침할 때 가슴이 아프고 심장이 두근거려요. 가래 색깔도 녹슨 갈색이에요.
폐렴,요즘 몸이 으슬으슬 춥고 너무 지친 느낌이에요. 기침도 계속 나고 가슴이 아파요. 기침할 때 가슴이 아프고 심장이 막 두근거려요. 가래도 나오는데 색깔이 좀 이상하게 갈색빛이 돌아요.
폐렴,요즘 몸이 으슬으슬 춥고 너무 피곤해요. 기침도 계속 나고요. 기침할 때마다 가슴이 아프고 심장이 쿵쾅거려요. 가래도 나오는데 색깔이 이상하게 갈색빛이 돌아서 좀 징그러워요.
폐렴,열이 너무 심하게 나고 숨쉬기가 힘들어요. 땀도 많이 나고 춥고 피곤해요. 심장이 너무 빨리 뛰고 가래가 갈색이에요.
폐렴,숨쉬기가 좀 힘들고 열이 많이 나요. 땀도 많이 나고 너무 피곤하고 춥게 느껴져요. 심장이 빨리 뛰고 갈색 가래도 좀 나와요.
폐렴,"열이 너무 많이 나고 숨쉬기가 힘들어요. 땀도 많이 나고, 춥고 떨려요. 너무 피곤하고 심장이 엄청 빨리 뛰어요. 그리고 갈색 가래도 좀 나와요."
폐렴,숨쉬기가 좀 힘들고 열이 많이 나요. 땀에 흠뻑 젖었고 추워서 몸이 떨려요. 심장이 막 빠르게 뛰고 너무 지쳐요. 그리고 갈색 가래도 나올 것 같아요.
폐렴,열이 정말 많이 나고 숨쉬기가 힘들어요. 땀도 많이 나고 춥고 피곤해요. 심장이 너무 빨리 뛰고 갈색 가래도 나와요.
폐렴,열이 너무 심하게 나고 숨쉬기가 힘들어요. 심장이 너무 빨리 뛰고 땀도 많이 나는데 춥고 기운이 없어요. 게다가 갈색 가래가 나올 것 같아요.
폐렴,"요즘 열도 많이 나고 숨도 차고, 땀도 많이 나고 오한도 들고 너무 피곤해요. 심장도 빨리 뛰고 갈색 가래도 많이 나와요."
폐렴,열이 많이 나고 숨이 차고 땀도 많이 나고 오한이 들면서 너무 피곤해요. 갈색 가래도 많이 나오고 맥박도 너무 빨라요.
폐렴,숨이 너무 차고 땀이 많이 나요. 몸이 너무 안 좋고 목에 가래가 많이 끼었어요. 가슴도 아프고 심장이 막 두근거려요. 기침할 때 나오는 가래 색이 어둡고 녹슨 것처럼 보여요.
폐렴,땀이 너무 많이 나고 숨 쉬기가 힘들어요. 몸이 많이 안 좋고 목에 가래가 많이 끼어 있어요. 심장이 막 두근거리고 가슴도 아파요. 기침할 때 녹슨 것 같은 진한 가래가 나와요.
폐렴,"숨쉬기가 너무 힘들고 불안해요. 몸이 안 좋고 땀이 많이 나요. 가슴도 아프고 목에 가래가 많이 끼었어요. 심장이 두근거리고, 기침할 때 나오는 가래 색깔도 이상해요."
폐렴,숨이 잘 안 쉬어지고 땀이 많이 나요. 몸이 좀 안 좋고 목에 가래가 많이 끼어 있어요. 가슴도 아프고 심장이 막 두근거려요. 기침할 때 나오는 가래 색이 좀 붉은색이에요.
폐렴,땀이 너무 많이 나고 숨을 제대로 못 쉬겠어요. 목에 가래가 많이 껴서 기분이 안 좋아요. 심장이 막 두근거리고 가슴도 아파요. 기침할 때 붉은색 가래가 나와요.
폐렴,숨이 잘 안 쉬어지고 땀도 많이 나요. 몸이 너무 안 좋고 목에 가래가 많이 끼었어요. 가슴도 아프고 심장이 막 두근거려요. 기침할 때 나오는 가래 색깔이 약간 노란색이에요.
폐렴,"땀이 줄줄 흐르고 숨이 잘 안 쉬어져요. 목에는 가래가 많이 끼어 있고, 몸 상태가 너무 안 좋아요. 심장이 두근거리고 가슴도 아파요. 갈색 가래가 섞인 기침도 나와요."
폐렴,숨쉬기가 너무 힘들고 진짜 불편해요. 땀도 많이 나고 목에 가래도 많아요. 가슴도 아프고 심장이 빨리 뛰어요. 기침할 때 나오는 가래 색이 갈색이에요.
폐렴,숨쉬기가 좀 힘들고 많이 불안해요. 목에 가래가 많이 끼어 있고 땀도 많이 나요. 심장이 막 두근거리고 가슴도 아파요. 그리고 기침할 때 붉은 점액이 나와요.
폐렴,숨이 잘 안 쉬어지고 땀이 많이 나요. 몸이 너무 안 좋고 목에 가래가 많이 끼어 있어요. 가슴도 아프고 심장이 막 두근거려요. 기침할 때 나오는 가래는 갈색이고 끈적거려요.
폐렴,"땀이 비 오듯이 흐르고 숨이 잘 안 쉬어져요. 목에 가래가 많이 끼어 있고, 몸 상태가 너무 안 좋아요. 심장이 막 두근거리고 가슴도 아파요. 기침할 때 끈적끈적한 갈색 가래가 나와요."
폐렴,땀에 흠뻑 젖었고 숨 쉬기가 힘들어요. 몸이 안 좋고 목에 가래가 많이 끼었어요. 가슴도 아프고 심장이 막 두근거려요. 기침할 때 붉은색 가래가 나와요.
폐렴,요즘 몸이 너무 안 좋고 열도 많이 나고 숨도 잘 안 쉬어져요. 땀도 많이 나고 오한도 들고 너무 피곤해요. 심장이 막 두근거리고 갈색 가래도 많이 나와요.
폐렴,"열이 정말 많이 나고, 숨쉬기가 힘들어요. 심장이 엄청 빨리 뛰고, 땀도 많이 나고, 춥고 피곤해요. 그리고 갈색 가래가 나올 것 같아요."
폐렴,열이 너무 심하게 나고 숨쉬기가 힘들어요. 땀에 흠뻑 젖었고 오한 때문에 몸이 떨려요. 너무 피곤하고 심장은 막 두근거려요. 그리고 갈색 가래도 나올 것 같아요.
폐렴,요즘 몸이 으슬으슬 춥고 피곤해요. 기침도 계속 나고 잘 낫질 않네요. 기침할 때 가슴이 아프고 심장이 엄청 빨리 뛰는 것 같아요. 그리고 기침할 때 나오는 가래가 좀 이상하고 녹슨 것 같은 색이에요.
폐렴,숨쉬기가 너무 힘들고 진짜 불편해요. 땀도 많이 나고 목에 가래가 많이 끼었어요. 가슴도 아프고 심장이 빨리 뛰어요. 기침할 때 나오는 가래 색깔이 갈색이에요.
폐렴,숨쉬기가 힘들고 너무 불편해요. 땀이 많이 나고 목에 가래가 많이 끼었어요. 가슴도 아프고 심장이 막 두근거려요. 검은 가래도 기침할 때 나와요.
폐렴,열이 많이 나고 숨이 잘 안 쉬어져요. 땀도 많이 나고 전반적으로 몸이 안 좋고 힘이 없어요. 가래도 진하고 검은색이에요. 가슴도 아프고 심장이 빨리 뛰어요.
폐렴,"요즘 들어 오한이 나고, 피곤하고, 기침도 나고, 열도 많이 나고, 숨 쉬는 게 좀 힘들어요. 땀도 많이 나고 몸이 너무 안 좋고 힘이 없어요. 가래도 좀 생겼는데, 되게 진하고 색도 어두운 것 같아요."
폐렴,"요즘에 오한이 나고, 몸이 나른하고, 기침도 나고, 열도 많이 나고, 숨쉬기도 좀 힘들어요. 땀도 많이 나고, 전반적으로 몸이 안 좋고 힘이 없어요. 가래도 좀 진하고 까만 게 나오네요."
폐렴,"요즘 몸이 으슬으슬 춥고, 피곤하고, 기침도 나고, 열도 많이 나고, 숨쉬기도 좀 힘들어요. 땀도 많이 나고, 몸이 너무 안 좋고 힘이 없어요. 가래도 좀 나는데, 되게 진하고 색깔도 어두워요."
폐렴,"요즘 오한이랑 무기력함이 심하고, 기침도 나고 열도 많이 나요. 숨쉬기도 좀 힘들고요. 땀도 많이 나고 전반적으로 몸이 안 좋고 기운이 없어요. 가래도 좀 진하고 붉은 편이에요."
폐렴,"요즘 오한이 나고, 기운도 없고, 기침도 나고, 열도 많이 나고, 숨쉬기도 좀 힘들어요. 땀도 많이 나고, 전반적으로 몸이 안 좋고 힘이 없어요. 그리고 가래가 좀 진하고 검은색이에요."
폐렴,"요즘 호흡기 문제가 많고, 오한이랑 피로감, 기침도 심하고 열도 많이 나요. 땀도 많이 나고, 전반적으로 몸이 안 좋고 기운이 없어요. 가슴도 아프고 심장이 막 두근거려요."
폐렴,"요즘 오한이 나고 피곤하고 기침도 나요. 땀도 엄청 많이 나고 전반적으로 몸이 안 좋고 힘이 없어요. 가래도 좀 끓고, 색깔이 까맣고 걸쭉해요. 가슴도 아프고 심장이 막 두근거려요."
폐렴,열이 나고 숨이 잘 안 쉬어져요. 땀도 너무 많이 나고 전반적으로 몸이 안 좋고 힘이 없어요. 그리고 가래가 좀 끈적하고 검은색이에요. 심장이 막 두근거리고 가슴도 아파요.
폐렴,저 땀으로 흠뻑 젖었고 숨을 제대로 쉴 수가 없어요. 목에는 가래가 끼어서 너무 힘들어요. 심장이 막 두근거리고 가슴도 아파요. 갈색 끈적한 가래가 나와요.
폐렴,땀에 흠뻑 젖어서 숨쉬기가 힘들어요. 목이 가래로 막혀서 불편하고요. 심장이 너무 빨리 뛰고 가슴도 아파요. 기침할 때 진한 색의 끈적한 가래가 나와요.
폐렴,"숨쉬기가 너무 힘들어요. 몸도 안 좋고 땀도 많이 나요. 목에 가래가 많고 가슴도 아파요. 숨쉬기가 거북하고, 기침할 때 나오는 가래 색깔도 이상해요."
폐렴,"숨쉬기가 너무 힘들어요. 몸도 안 좋고 땀도 많이 나요. 가슴도 아프고 목에 가래가 많이 껴 있어요. 숨쉬기 힘들고, 기침할 때 나오는 가래 색깔도 이상해요."
폐렴,기침이 많이 나고 몸이 너무 춥고 피곤해요. 열도 꽤 높고 숨 쉬는 게 힘들어요. 땀도 많이 나고 전반적으로 몸이 약하고 아픈 느낌이에요. 가래도 꽤 진하고 검은색이에요.
폐렴,"최근에 오한이 들고, 너무 피곤하고, 기침도 나고, 열도 많이 나고, 숨쉬기도 좀 힘들어요. 땀도 많이 나고, 전반적으로 몸이 약하고 아픈 느낌이에요. 가래가 좀 진하고 검은색이에요. 심장이 좀 빨리 뛰는 것 같아요."
혼합 치질,요즘 변비가 심하고 화장실 갈 때 불편해요. 항문도 많이 아프고 염증이 있는 것 같아요. 변에 피도 많이 섞여 나와요.
혼합 치질,"요즘 변비가 심하고, 화장실 갈 때마다 아프고, 항문 쪽도 아파요. 변에 피도 많이 섞여 나오고, 항문이 많이 자극받은 것 같아요."
혼합 치질,"요즘 화장실 가는 게 너무 힘들어요. 대변 볼 때마다 너무 불편하고 잘 안 나와요. 항문도 많이 부어 있고, 변에 피가 많이 섞여 나와요."
혼합 치질,"요즘 화장실 가는 게 너무 힘들어요. 볼일 볼 때 정말 아프고, 변에 피도 좀 섞여 나와요. 그리고 항문 주위가 아프고 따끔거리기도 해요."
혼합 치질,"요즘 화장실 가는 게 너무 힘들어요. 갈 때마다 너무 아프고, 대변에 피가 섞여 있는 것도 봤어요. 그리고 항문 주변이 불편하고 가려운 느낌도 있어요."
혼합 치질,"요즘 변비가 심해서 화장실 갈 때마다 너무 아프고 힘들어요. 그리고 대변에 피가 좀 섞여 있는 것 같고, 항문도 많이 따갑고 불편해요."
혼합 치질,"요즘 변비가 심해서 화장실 갈 때마다 너무 아파요. 그리고 항문이 많이 가렵고, 변에서 피도 좀 보였어요."
혼합 치질,"요즘 화장실 가는 게 너무 힘들고, 진짜 아파요. 그리고 변에 피가 섞여 나오고 항문도 많이 따가워요."
혼합 치질,요즘 화장실 갈 때 많이 불편하고 힘들어요. 그리고 항문이 많이 아프고 대변에 피가 섞여 있는 것도 봤어요.
혼합 치질,"요즘 변비가 너무 심해서 화장실 갈 때마다 엄청 아파요. 그리고 항문이 많이 가렵고, 변에서 피도 좀 보였어요."
혼합 치질,요즘 변비가 심해서 화장실 가는 게 너무 힘들어요. 변에 피도 섞여 나오고 항문도 많이 아픈 것 같아요.
혼합 치질,요즘 화장실 가는 게 너무 힘들어요. 진짜 아프고 항문 쪽에 통증이 있어요. 변에도 피가 섞여 나오고 항문이 너무 따가워요.
혼합 치질,"요즘 화장실 가는 게 너무 힘들어요. 너무 아프고, 항문 쪽에 통증이 심해요. 변에도 피가 섞여 나오고, 항문이 많이 부어있어요."
혼합 치질,"요즘 화장실 가는 게 좀 힘들어요. 가려고 하면 많이 불편하고 항문이 많이 아파요. 변에 피도 좀 섞여 나오고, 항문이 정말 불편해요."
혼합 치질,요즘 화장실 가는 게 너무 힘들어요. 변 볼 때 진짜 아프고 항문이 많이 아파요. 변에 피도 좀 섞여 나오고 항문이 정말 가려워요.
혼합 치질,"요즘 화장실 가는 게 좀 힘들어요. 변 보기가 어렵고, 볼 때 아프기도 해요. 엉덩이 쪽도 아프고, 피가 섞인 변을 보기도 했어요. 항문이 가렵고 민감해진 것 같아요."
혼합 치질,"요즘 화장실 가는 게 너무 힘들고, 갈 때마다 아파요. 게다가 엉덩이 쪽도 좀 아프고, 변에 피가 섞여 나와요. 항문도 많이 가렵고 자극받은 느낌이에요."
혼합 치질,"변비가 있어서 화장실 가는 게 너무 힘들어요. 겨우 가면 아프고, 변에 피가 섞여 나와요. 엉덩이 쪽도 아프고 항문이 가렵고 자극이 심해요."
혼합 치질,"변비가 있어서 화장실 가는 게 너무 힘들어요. 겨우 가도 아프고 대변에 피가 섞여 나와요. 항문도 가렵고 따갑고, 엉덩이 쪽도 불편해요."
혼합 치질,요즘 변비가 있어서 화장실 가기가 너무 힘들어요. 겨우 가면 아프고 변에 피가 묻어 나와요. 그리고 엉덩이 쪽도 아프고 항문이 많이 가렵고 따가워요.
혼합 치질,"변비가 있어서 화장실 가는 게 너무 힘들어요. 겨우 가도 아프고 변에 피가 섞여 나와요. 항문이 가렵고 따갑고, 엉덩이 쪽도 불편해요."
혼합 치질,"변비가 있어서 화장실 가기가 정말 힘들어요. 겨우 가더라도 아프고, 변에 피가 섞여 나와요. 엉덩이 쪽도 아프고, 항문이 정말 가렵고 따가워요."
혼합 치질,"변비 때문에 화장실 가는 게 너무 힘들어요. 겨우 가도 변에 피가 묻어 나오고 아파요. 게다가 항문이 많이 가렵고 염증이 생긴 것 같고, 엉덩이도 좀 아파요."
혼합 치질,"화장실 가는 게 너무 힘들고, 갈 때마다 너무 아파요. 변에 피가 섞여 나오고 엉덩이도 계속 아파요. 항문도 많이 가렵고 자극이 심해요."
혼합 치질,"화장실 가는 게 너무 힘들고, 갈 때마다 정말 아파요. 변에 피가 섞여 나오고 엉덩이 쪽도 아프네요. 항문이 많이 가렵고 자극받은 느낌이에요."
혼합 치질,화장실 가는 게 너무 힘들어요. 변 보는 게 너무 어렵고 볼 때마다 아파요. 항문이 너무 아프고 피도 나요. 너무 고통스럽고 불편해요.
혼합 치질,"화장실 가는 게 너무 힘들어요. 변을 볼 때마다 너무 아프고, 항문에서 피도 나고 정말 불편해요. 너무 아파서 견디기 힘들어요."
혼합 치질,"화장실 가는 게 너무 힘들어요. 변을 보기가 어렵고, 볼 때마다 아파요. 항문이 많이 아프고, 변 볼 때마다 피가 나요. 통증이 너무 심해서 불편해요."
혼합 치질,요즘 변비가 생기고 화장실 갈 때마다 아파요. 항문이 너무 아프고 피도 나요. 진짜 아프고 불편해요.
혼합 치질,"요즘 변비랑 소화 불량 때문에 고생하고 있어요. 항문이 많이 아프고, 화장실 갈 때마다 피가 나요. 너무 아프고 불편해서 힘들어요."
혼합 치질,요즘 변비가 심하고 화장실 갈 때마다 엉덩이가 아파요. 변 볼 때 피도 나고 정말 불편해요. 너무 아프고 고통스러워요.
혼합 치질,"요즘 대변 보는 게 너무 힘들어요. 잘 안 나오고, 나올 때도 아파요. 항문도 많이 아프고, 대변 볼 때 피도 나요. 너무 아프고 불편해요."
혼합 치질,요즘 화장실 가는 게 너무 힘들어요. 변 보기가 어렵고 볼 때마다 아파요. 변 볼 때 항문에서 피도 나고 정말 불편해요. 너무 아프고 고통이 심해요.
혼합 치질,"요즘에 화장실 가는 게 너무 힘들어요. 변 보기가 어렵고, 볼 때마다 아파요. 항문도 많이 아프고, 갈 때마다 피가 나요. 진짜 너무 아프고, 불편해서 미치겠어요."
혼합 치질,"요즘 대변 보는 게 너무 힘들어요. 잘 안 나오고, 나올 때도 아파요. 항문이 많이 아프고, 대변 볼 때 피도 나요. 정말 고통스럽고 불편해요."
혼합 치질,"요즘 대변 보는 게 너무 힘들어요. 잘 안 나오고, 나올 때도 아파요. 항문이 많이 아픈데, 볼 때마다 피가 나요. 정말 너무 아프고 불편해요."
혼합 치질,"요즘 대변 보는 게 너무 힘들어요. 화장실 가는 것도 어렵고, 갈 때마다 아파요. 변 볼 때 항문에서 피도 나고 정말 불편해요. 너무 아프고 고통이 심해요."
혼합 치질,"요즘 변비가 생기고 화장실 갈 때마다 아파요. 항문이 너무 아프고, 볼일 볼 때 피도 나요. 진짜 아프고 너무 불편해요."
혼합 치질,요즘 변비가 생기고 화장실 갈 때마다 배변할 때 아파요. 변을 볼 때 항문에서 피가 나고 정말 불편해요. 너무 아프고 고통이 심해요.
혼합 치질,요즘 변비가 심하고 소화도 잘 안 돼요. 화장실 갈 때마다 항문이 너무 아프고 피도 나요. 진짜 너무 아프고 불편해요.
혼합 치질,"요즘에 대변 문제가 많아요. 화장실 가기가 힘들고, 갈 때마다 아파요. 항문이 많이 아프고, 화장실 갈 때마다 피가 나요. 너무 아프고 불편해요."
혼합 치질,"요즘 대변 보는 게 너무 힘들어요. 잘 안 나오고, 볼 때마다 아파요. 항문도 많이 아프고, 피도 나요. 진짜 아프고 불편해요."
혼합 치질,"요즘 화장실 가는 게 너무 힘들어요. 변 보기가 어렵고, 볼 때마다 아파요. 변 볼 때 항문에서 피도 나고 정말 불편해요. 통증이 심해서 너무 괴로워요."
혼합 치질,"요즘 대변 보는 게 너무 힘들어요. 잘 안 나오고, 나올 때도 아파요. 항문이 많이 아프고, 볼 때마다 피가 나요. 너무 아프고 불편해서 어떻게 해야 할지 모르겠어요."
혼합 치질,"요즘에 배변 문제가 많아요. 화장실 가기가 힘들고, 갈 때마다 아파요. 항문이 많이 아프고, 화장실 갈 때마다 피가 나요. 정말 아프고 불편해요."
혼합 치질,"요즘 배가 너무 안 좋아요. 화장실 가기가 힘들고, 갈 때마다 아파요. 항문도 많이 아프고, 갈 때마다 피가 나요. 너무 아프고 불편해요."
혼합 치질,"요즘 화장실 가는 게 너무 힘들어요. 정말 아프고 며칠에 한 번 겨우 가요. 항문이랑 그 주변도 많이 아프고요. 변에 피가 많이 섞여 있고, 항문이 많이 자극받는 느낌이에요."
혼합 치질,"요즘 화장실 가는 게 너무 힘들어요. 너무 아파서 가끔씩밖에 못 가겠어요. 항문이랑 그 주변도 많이 아프고요. 항문이 너무 따갑고, 변에도 피가 많이 섞여 나와요."
혼합 치질,화장실 갈 때 변비 때문에 너무 힘들고 아파요. 항문이랑 그 주변이 많이 아프고요. 변에 피가 묻어나오고 항문이 정말 많이 자극받은 상태예요.
혼합 치질,"요즘 변비가 심하고 화장실 갈 때 불편해요. 항문 주변이랑 저 둘 다 많이 아프고, 항문이 정말 가려워요. 그리고 변에 피가 섞여 나와요."
관절염,"근육이 정말 힘이 없고, 목이 너무 뻣뻣해요. 걸을 때 몸이 많이 뻑뻑하고 관절도 부어있어요. 걷는 게 정말 불편해요."
관절염,요즘 근육이 너무 힘이 없고 목도 많이 뻣뻣해요. 관절도 붓고 움직일 때마다 많이 뻑뻑해요. 걷는 것도 너무 아파요.
관절염,"근육이 좀 많이 약해졌고, 목도 진짜 뻣뻣해요. 관절이 부어오르고 움직일 때마다 많이 뻣뻣해요. 걷는 것도 너무 아파서 힘들어요."
관절염,요즘 근육에 힘이 너무 없고 목이 많이 뻣뻣해요. 관절도 자꾸 붓고 움직이기가 힘들어요. 걷는 것도 너무 아프네요.
관절염,근육이 너무 약해지고 목이 엄청 뻣뻣해요. 관절도 부어서 움직이기가 힘들어요. 걷는 것도 너무 아파요.
관절염,요즘 근육이 너무 약해지고 목도 정말 뻣뻣해졌어요. 관절이 부어서 움직이기가 힘들어요. 걷는 것도 정말 불편해요.
관절염,근육이 너무 힘이 없고 목이 엄청 뻣뻣해요. 관절도 부어서 움직이기가 힘들어요. 걷는 것도 많이 아파요.
관절염,목이 너무 뻣뻣하고 근육이 엄청 약해진 것 같아요. 관절이 부어서 움직이기가 힘들어요. 걷는 것도 정말 아파요.
관절염,목이 너무 뻣뻣하고 근육도 많이 힘이 없어요. 관절이 부어서 움직이기가 힘들어요. 걷는 것도 많이 불편해요.
관절염,"요즘 근육에 힘이 잘 안 들어가고 목도 많이 뻣뻣해요. 관절도 부어오르고, 뻣뻣해서 움직이기가 힘들어요. 걷는 것도 정말 아프고요."
관절염,"요즘 근육이 좀 많이 약해진 것 같고, 목도 정말 뻣뻣해요. 관절이 부어서 움직이기가 힘들고, 안 움직이면 금방 뻣뻣해져요. 걷는 것도 정말 불편해요."
관절염,"요즘 목 근육이 약해지고 뻣뻣해진 것 같아요. 관절도 부어서 걸을 때마다 뻣뻣해지고, 걷는 게 너무 아파요."
관절염,"요즘 목 근육이 약해지고 뻣뻣해졌어요. 관절도 부어오르고, 뻣뻣한 느낌 때문에 걷는 게 힘들어요. 걷는 것도 너무 불편하고 아파요."
관절염,"요즘 목이 뻣뻣하고 근육이 약해진 것 같아요. 관절이 부어서 움직이기가 힘들고, 그래서 몸이 잘 안 풀려요. 걷는 것도 너무 아파서 정말 힘들어요."
관절염,근육이 너무 힘이 없고 목이 정말 뻣뻣해요. 관절도 붓고 있어서 움직일 때마다 뻣뻣한 느낌이 들어요. 걷는 것도 너무 아파요.
관절염,"근육이 너무 힘이 없고 목이 엄청 뻣뻣해요. 관절도 부어 있고, 움직일 때마다 몸이 뻣뻣해져서 힘들어요. 걷는 것도 정말 불편해요."
관절염,"근육이 많이 약해지고 목이 정말 뻣뻣해요. 관절도 부어서 걸을 때마다 뻣뻣해지고, 걷는 게 너무 힘들고 아파요."
관절염,근육이 정말 힘이 없고 목이 너무 뻣뻣해요. 관절도 부어서 걸을 때마다 뻣뻣한 느낌이 들어서 걷기가 힘들어요. 걷는 게 정말 불편해요.
관절염,근육이 많이 약해지고 목이 정말 뻣뻣해요. 관절도 부어서 움직일 때마다 뻣뻣해져서 힘들어요. 걷는 것도 꽤 불편해요.
관절염,목이 너무 뻣뻣하고 근육도 좀 약해진 것 같아요. 관절이 부어서 움직일 때마다 뻣뻣해져서 힘들어요. 게다가 걷는 것도 꽤 불편해요.
관절염,"요즘 근육에 힘이 너무 없고 목도 많이 뻣뻣해요. 관절도 자꾸 붓고, 뻣뻣해서 움직이기가 힘들어요. 걷는 것도 정말 아프네요."
관절염,"근육이 너무 힘이 없고 목이 엄청 뻣뻣해요. 관절도 부어있고, 움직일 때마다 몸이 뻣뻣해져서 힘들어요. 걷는 것도 정말 불편해요."
관절염,목이 너무 뻣뻣하고 근육이 많이 약해진 것 같아요. 관절이 부어서 움직일 때마다 몸이 굳는 느낌이라서 움직이기가 힘들어요. 걷는 것도 너무 불편해요.
관절염,목이 너무 뻣뻣하고 근육이 너무 약해요. 관절이 부어서 움직일 때마다 뻣뻣한 느낌이 들어서 힘들어요. 게다가 걷는 것도 너무 힘들어요.
관절염,요즘 목 근육이 뻣뻣하고 힘이 없는 느낌이에요. 관절이 커져서 그런지 걷기가 힘들고 뻣뻣해져요. 게다가 걷는 게 너무 불편해요.
관절염,목이 너무 뻣뻣하고 근육이 힘이 하나도 없어요. 관절도 부어있고 온몸이 뻐근해서 걷기도 힘들어요. 게다가 걷는 게 너무 불편해요.
관절염,요즘 목 근육이 뻣뻣하고 힘이 없는 느낌이에요. 관절이 커진 이후로는 뻣뻣해지지 않고 걷기가 힘들어요. 게다가 걷는 게 너무 불편해요.
관절염,"요즘 근육에 힘이 없고 목이 너무 뻣뻣해요. 관절도 자꾸 붓고, 몸을 움직일 때마다 뻣뻣해서 힘들어요. 걷는 것도 정말 아파요."
관절염,"근육이 좀 많이 약해졌고, 목도 진짜 뻣뻣해요. 관절이 부어서 뻣뻣한 느낌 때문에 걷기가 힘들어요. 걷는 것도 진짜 불편하고요."
관절염,"요즘 근육이 너무 힘이 없고 목이 정말 뻣뻣해요. 관절도 부어있고, 움직일 때마다 몸이 뻣뻣해져서 힘들어요. 걷는 것도 정말 불편해요."
관절염,요즘 근육에 힘이 너무 없고 목도 많이 뻣뻣해요. 관절도 부어오르고 움직이기가 힘들어요. 걷는 것도 아프고요.
관절염,"요즘 근육이 진짜 힘이 없고 목이 너무 뻣뻣해요. 관절도 부어서 움직이기 힘들고, 걷는 것도 어렵네요."
관절염,"요즘 근육이 좀 많이 약해진 것 같고, 목도 정말 뻣뻣해요. 관절이 부어서 움직이기가 힘들어요. 걷는 것도 아프고요."
관절염,"요즘 목 근육이 약해지고 뻣뻣해진 것 같아요. 관절도 부어서 움직이기가 힘들고, 걷는 것도 어렵네요."
관절염,요즘 근육이 진짜 힘이 없고 목이 너무 뻣뻣해요. 관절이 부어서 움직이기가 힘들어요. 걷는 것도 너무 아파요.
관절염,요즘 근육이 좀 힘이 없는 것 같아요. 그런데 목은 완전 딱딱하게 굳어있어요. 관절도 부어서 움직이기가 힘들어요. 걷는 것도 꽤 불편하네요.
관절염,"요즘 근육이 좀 약해진 것 같은데, 목은 오히려 되게 뻣뻣해요. 관절이 부어서 움직이기가 힘들고, 걷는 것도 너무 아파요."
관절염,요즘 목이 너무 뻣뻣하고 근육이 많이 약해진 것 같아요. 관절이 부어서 그런지 움직일 때마다 몸이 뻣뻣해져서 힘들어요. 걷는 것도 너무 불편해요.
관절염,요즘 목 근육이 뻣뻣하고 힘이 없는 것 같아요. 관절이 커져서 그런지 걸을 때도 뻣뻣해지고 무거운 느낌이 들어요. 게다가 걷는 게 너무 불편해요.
관절염,요즘 목 근육이 약해지고 뻣뻣해졌어요. 관절이 부어서 걷기가 힘들고 뻣뻣해지는 것 같아요. 걷는 것도 너무 아프고 불편해요.
관절염,"근육이 좀 많이 약해졌고, 목도 엄청 뻣뻣해요. 관절이 부어서 움직일 때마다 뻣뻣한 느낌이 들어서 걷기가 힘들어요. 걷는 것도 정말 불편해요."
관절염,"근육이 좀 많이 약해졌고, 목도 너무 뻣뻣해요. 관절이 부어서 움직일 때마다 뻣뻣한 느낌이 들어요. 걷는 것도 너무 불편해요."
관절염,요즘 목 근육이 뻣뻣하고 힘이 없는 느낌이에요. 관절이 커진 이후로는 걸을 때마다 뻣뻣해져서 힘들어요. 게다가 걷는 게 너무 불편해요.
관절염,목이 요즘 너무 뻣뻣하고 근육도 좀 힘이 없는 것 같아요. 관절이 부어서 그런지 움직일 때마다 몸이 뻣뻣해져서 힘들어요. 걷는 것도 많이 불편하네요.
관절염,"요즘 걸으려고 하면 몸이 뻣뻣하고 목도 뻣뻣해지고, 관절도 붓고 근육도 힘이 없어요. 걷는 게 정말 불편해요."
관절염,요즘 근력이 약해지고 목이 뻣뻣해졌어요. 관절도 붓고 움직이려고 하면 뻣뻣해져요. 운전할 때도 너무 아파요.
관절염,요즘 목 근육이 뻣뻣해지고 힘이 없어졌어요. 관절도 예전 같지 않아서 뛰는 게 힘들어요. 걷는 것도 꽤 불편하네요.
관절염,요즘 목 근육이 뻣뻣하고 힘이 없는 느낌이에요. 관절이 커진 것 같아서 걸을 때 뻣뻣해지고 무거운 느낌이 들어요. 게다가 걷는 게 너무 불편해요.
관절염,요즘 목 근육이 뻣뻣하고 약해진 것 같아요. 관절이 성숙해져서 그런지 뛰면 몸이 뻣뻣해져서 미국 정부가 저를 뛰게 하는 게 힘들어요. 걷는 것도 꽤 불편해요.
관절염,요즘 목 근육이 뻣뻣하고 힘이 잘 안 들어가요. 관절이 성숙해지면서 뻣뻣해지지 않고 움직이기가 힘들어요. 게다가 걷는 것도 꽤 아프네요.
여드름,요즘 피부에 정말 심한 발진이 생겼어요. 고름이 찬 여드름이랑 블랙헤드가 가득해요. 그리고 피부가 많이 벗겨지고 있어요.
여드름,갑자기 피부에 심한 발진이 생겼어요. 고름이 찬 여드름이랑 블랙헤드도 막 생겼고요. 피부도 꽤 예민해진 것 같아요.
여드름,요즘 피부에 두드러기가 심하게 나고 있어요. 블랙헤드랑 고름이 찬 여드름도 많이 생기고요. 게다가 피부가 많이 벗겨지고 있어요.
여드름,요즘 피부에 심한 발진이 생겼어요. 여기저기 피지랑 고름이 가득 찬 여드름이 많고요. 게다가 피부가 많이 벗겨지고 있어요.
여드름,"요즘 피부에 건강하지 않은 발진이 생겼어요. 고름이 찬 여드름이랑 블랙헤드가 많이 생겼고, 피부가 많이 벗겨지고 있어요."
여드름,피부에 갑자기 심한 발진이 생겼어요. 고름이 찬 여드름이랑 블랙헤드가 가득해요. 그리고 피부가 정말 예민해졌어요.
여드름,피부에 갑자기 심한 발진이 생겼어요. 여드름과 고름이 가득 찬 블랙헤드도 여기저기 많이 나고요. 게다가 피부가 너무 예민해졌어요.
여드름,최근에 피부에 심한 발진이 생겼어요. 블랙헤드랑 고름이 찬 여드름이 막혀 있어요. 게다가 피부가 많이 예민해졌어요.
여드름,요즘 피부에 심하게 발진이 생겼어요. 블랙헤드랑 고름이 찬 여드름이 막고 있어요. 피부도 꽤 예민해졌어요.
여드름,요즘 피부에 고름이 찬 여드름이랑 블랙헤드가 많이 생기고 있어요. 그리고 피부가 많이 벗겨지네요.
여드름,요즘 피부에 고름이 찬 여드름이랑 블랙헤드가 많이 생겨서 신경 쓰여요. 게다가 피부가 많이 벗겨지기도 해요.
여드름,"피부에 이상한 발진이 생겼어요. 고름이 찬 여드름이랑 블랙헤드가 여기저기 많이 나고, 피부도 엄청 예민해졌어요."
여드름,피부에 심한 발진이 생겼어요. 여기저기 블랙헤드랑 고름이 찬 여드름도 많고요. 게다가 피부가 너무 예민해졌어요.
여드름,피부에 갑자기 심한 발진이 생겼어요. 여드름이랑 고름이 찬 뾰루지가 여기저기 많이 나 있어요. 그리고 피부가 너무 예민해졌어요.
여드름,피부에 안 좋은 발진이 생겼어요. 고름이 찬 여드름이랑 블랙헤드가 가득해요. 그리고 피부가 너무 예민해졌어요.
여드름,"피부에 심한 발진이 생겼는데, 유전적인 건 아니에요. 블랙헤드랑 고름이 찬 여드름도 많이 생겼어요. 게다가 피부가 너무 예민해졌어요."
여드름,"요즘 얼굴에 여드름이 많이 나고, 고름이 찬 뾰루지도 생겨요. 그리고 블랙헤드도 고민이에요."
여드름,오늘 아침에 일어났는데 피부에 엄청 심한 발진이 생겼어요. 블랙헤드랑 고름이 찬 여드름도 엄청 많고요. 피부가 계속 간지럽기도 해요.
여드름,요즘 피부에 심한 발진이 생겼어요. 블랙헤드랑 고름이 가득 찬 여드름도 생겼고요. 피부가 너무 가려워서 긁고 싶어요.
여드름,갑자기 피부에 심한 발진이 생겼어요. 블랙헤드랑 고름이 찬 여드름도 엄청 많고요. 피부도 계속 가려워요.
여드름,요즘 피부에 심한 발진이 생겼어요. 검은 여드름이랑 고름이 가득 찬 뾰루지가 많아요. 그리고 피부가 너무 가려워요.
여드름,오늘 아침에 일어났더니 피부에 엄청 심한 발진이 생겼어요. 블랙헤드랑 고름 찬 여드름도 엄청 많고요. 피부가 너무 가려워서 계속 긁게 돼요.
여드름,요즘 피부에 정말 심한 발진이 생겨서 고생하고 있어요. 블랙헤드랑 고름이 가득 찬 여드름도 많고요. 피부가 너무 가렵기도 해요.
여드름,갑자기 피부에 심한 발진이 생겼어요. 블랙헤드랑 고름이 찬 여드름도 엄청 많고요. 피부가 계속 간지럽기도 해요.
여드름,요즘 피부에 심한 발진이 생겼어요. 블랙헤드랑 고름이 찬 여드름도 많이 나고요. 피부가 너무 가려워서 긁게 돼요.
여드름,요즘 피부에 심한 발진이 생겼어요. 블랙헤드랑 고름이 찬 여드름도 많고요. 피부가 여기저기 간지럽고 난리예요.
여드름,최근에 피부에 심한 발진이 생겼어요. 블랙헤드랑 고름이 찬 여드름도 여러 개 있고요. 피부가 막 울퉁불퉁 움직이는 것 같아요.
여드름,오늘 아침에 일어났는데 온몸에 심한 발진이 생겼어요. 고름이 찬 여드름이랑 블랙헤드도 여기저기 많이 있고요. 피부가 계속 움직이는 느낌도 들어요.
여드름,"오늘 아침에 일어났더니 피부에 심한 발진이 생겼어요. 여드름이랑 검은 점도 여러 개 있고, 고름도 차 있어요. 피부가 계속 간지럽고 움직이는 느낌이에요."
여드름,갑자기 피부에 발진이 생기고 고름이 찬 여드름이랑 블랙헤드가 몇 개 생겼어요. 그리고 피부가 좀 예민해진 것 같아요.
여드름,요즘 피부에 고름이 찬 여드름이랑 블랙헤드가 많이 생겨서 신경 쓰여요. 게다가 피부가 많이 벗겨지고 있어요.
여드름,오늘 아침에 일어났더니 온몸에 심한 발진이 생겼어요. 블랙헤드랑 고름이 찬 여드름도 여기저기 나 있고요. 게다가 피부가 많이 변하고 있어요.
여드름,오늘 아침에 일어났더니 온몸에 심한 발진이 생긴 걸 알았어요. 고름이 찬 여드름이랑 블랙헤드가 여기저기 많이 생겼고요. 피부도 많이 가렵고 따가워요.
여드름,요즘 피부에 심한 발진이 생겼어요. 블랙헤드랑 고름이 찬 여드름도 많고요. 피부가 막 간질간질해요.
여드름,오늘 아침에 일어났더니 피부에 끔찍한 발진이 생겼어요. 검은 여드름이랑 고름이 찬 뾰루지들이 여러 개 있어요. 피부가 막 간지럽고 그래요.
여드름,오늘 아침에 일어났더니 피부에 엄청 심한 발진이 생겼어요. 고름이 찬 여드름이랑 블랙헤드도 여기저기 많이 있고요. 피부가 계속 움직이는 느낌도 들어요.
여드름,요즘 피부에 가려운 발진이 생겨서 고생하고 있어요. 고름이 찬 여드름이랑 블랙헤드도 여기저기 나고요. 피부가 많이 벗겨지기도 해요.
여드름,"오늘 아침에 보니까 온몸에 심한 발진이 생겼어요. 고름이 찬 여드름이랑 블랙헤드가 여기저기 많이 나 있고, 피부가 계속 간지러워요."
여드름,"오늘 아침에 일어났더니 온몸에 심한 발진이 생겼어요. 고름이 찬 여드름이랑 블랙헤드가 여기저기 많고, 피부가 많이 가려워요."
여드름,"오늘 아침에 일어났더니 온몸에 심한 발진이 생겼어요. 고름이 찬 여드름이랑 블랙헤드가 가득하고, 피부가 너무 가려워서 계속 긁고 있어요."
여드름,"오늘 아침에 보니까 온몸에 큰 발진이 생겼어요. 얼굴에는 고름이 찬 여드름이랑 블랙헤드가 많이 생겼고, 피부가 계속 가려워요."
여드름,"오늘 아침에 일어나 보니까 온몸에 심한 발진이 생겼어요. 블랙헤드랑 고름이 찬 여드름도 많이 생기고, 피부가 계속 간지러워요."
여드름,"어제 보니까 피부에 엄청 큰 발진이 생겼어요. 얼굴에 고름이 찬 여드름이랑 블랙헤드가 많이 생겼고, 피부가 많이 가려워요."
여드름,"어제 피부에 큰 발진이 생긴 걸 발견했어요. 얼굴에는 블랙헤드랑 고름이 찬 여드름이 가득하고, 피부가 계속 간질간질해요."
여드름,"제 피부에 끔찍한 발진이 생겼는데, 유전적인 건 전혀 아니에요. 블랙헤드랑 고름이 찬 여드름이 많아요. 게다가 피부가 굉장히 예민해졌어요."
여드름,제 피부에 유전적이지 않은 발진이 생겼어요. 고름이 찬 여드름이랑 블랙헤드가 많이 생겼고요. 게다가 피부가 굉장히 예민해졌어요.
여드름,오늘 아침에 일어났더니 피부에 심한 발진이 생겼어요. 고름이 찬 여드름이랑 블랙헤드가 여기저기 많이 나 있고요. 피부 상태도 계속 변하고 있어요.
여드름,오늘 아침에 일어났더니 피부에 심한 발진이 생겼어요. 블랙헤드랑 고름이 찬 여드름이 여기저기 많이 나 있어요. 게다가 피부 상태가 계속 변하고 있어요.
여드름,"요즘 피부에 정말 짜증나는 발진이 생겼어요. 여드름이랑 고름이 찬 뾰루지가 여기저기 많이 나고, 피부도 많이 벗겨지고 있어요."
여드름,요즘 피부에 가려운 발진이 생겼어요. 고름이 찬 여드름하고 블랙헤드도 있고요. 피부도 많이 예민해진 것 같아요.
기관지 천식,"요즘 너무 피곤하고 기운이 하나도 없어요. 그리고 기침도 많이 나고 숨쉬기도 힘들어요. 열도 많이 나고, 기침할 때 가래도 많이 나와요."
기관지 천식,기침이 계속 멈추질 않고 너무 피곤해요. 가래도 진하게 나오고 열도 꽤 높아요.
기관지 천식,계속 기침이 나고 너무 피곤해요. 열도 엄청 높고 숨 쉬는 것도 힘들어요. 기침할 때 가래도 많이 나와요.
기관지 천식,"요즘 너무 피곤하고 마른기침이 나고 숨 쉬는 것도 좀 힘들어요. 열도 많이 나고, 두껍고 끈적한 가래도 많이 나와요."
기관지 천식,저 정말 피곤하고 힘이 없어요. 기침도 심하게 나고요. 열도 많이 나고 숨쉬기가 좀 가빠졌어요. 기침할 때 침도 많이 나와요.
기관지 천식,"요즘 너무 졸리고, 기침이 계속 멈추질 않아요. 숨쉬기도 좀 힘들고, 가래가 많이 나오는데 끈적끈적해요. 열도 많이 나고요."
기관지 천식,"선생님, 며칠 전부터 열이 많이 나고 침도 끈적끈적해졌어요. 마른기침도 나고 몸도 좀 힘이 없어요."
기관지 천식,"며칠째 기침이 계속되고, 몸이 정말 약하고 피곤해요. 열도 많이 나고, 숨쉬기가 힘들어요. 기침할 때 가래도 많이 나와요."
기관지 천식,"엄마, 아빠, 요즘 너무 피곤하고 힘이 없어요. 그리고 기침이 계속 나고 잘 낫질 않아요. 숨 쉬기도 힘들고 열도 많이 나요. 기침할 때 가래도 많이 나와요."
기관지 천식,"안녕하세요, 요즘 너무 피곤하고 기침이 계속돼요. 숨 쉬는 것도 좀 가쁘고 열도 많이 나요. 그리고 가래가 되게 진하고 끈적끈적해요."
기관지 천식,요즘 몸이 좀 많이 약해지고 피곤해졌어요. 그리고 기침도 계속 나고 잘 안 멈춰요. 열도 많이 나고 숨 쉬는 게 힘들어요. 기침할 때 가래도 많이 나오고요.
기관지 천식,요즘 너무 기운이 없고 몸이 축 처지는 느낌이에요. 그리고 기침이 계속 나고 잘 낫질 않아요. 열도 너무 많이 나고 숨 쉬는 것도 힘들어요. 기침할 때 가래도 많이 나와요.
기관지 천식,"요즘 너무 피곤하고 기운이 없어요. 그리고 기침이 계속 나서 잘 안 멈추네요. 숨쉬기도 좀 가빠졌고, 열도 많이 나고 있어요. 기침할 때마다 끈적끈적한 가래가 많이 나와요."
기관지 천식,요즘 너무 피곤하고 기침이 계속 나요. 숨 쉬기도 힘들고 열도 많이 나요. 기침할 때 가래도 많이 나오고요.
기관지 천식,"요즘 피로가 심하고 기침이 계속 나와서 숨쉬기가 힘들어요. 열도 많이 나고, 끈적끈적한 가래도 많이 나와요."
기관지 천식,기침이 계속 나고 숨 쉬기가 힘들어요. 열도 많이 나고 몸이 너무 약하고 피곤해요. 기침할 때 가래도 많이 나와요.
기관지 천식,"열이 많이 나고, 기침이 계속되고 숨쉬기가 좀 힘들어요. 가래도 많이 나오고, 몸이 너무 피곤하고 힘이 없어요."
기관지 천식,숨 쉬는 게 좀 힘들고 기침도 계속 나고 너무 피곤해요. 가래가 많이 나오고 열도 너무 높아요. 이 모든 걸 겪으니까 진짜 지치고 힘드네요.
기관지 천식,"요 며칠째 기침이 계속되고 숨 쉬기도 힘들어요. 열도 너무 높고, 몸이 너무 약하고 피곤해요. 기침할 때 가래도 많이 나오고, 이런 증상들 때문에 너무 힘들어요. 이 모든 게 너무 답답해요."
기관지 천식,며칠째 기침이 계속되고 숨쉬기도 힘들어요. 너무 힘들고 지쳐서 열도 엄청 높아요. 이런 증상들 때문에 너무 힘들고 가래도 많이 나와요. 점점 짜증이 나네요.
기관지 천식,"숨 쉬는 게 힘들고 기침도 계속 나고 피곤해요. 열도 너무 높고, 끈적끈적한 가래도 많이 나와요. 이 모든 걸 겪는 게 너무 힘들고, 완전히 지치고 기운이 하나도 없어요."
기관지 천식,"숨쉬기가 좀 힘들고, 기침이 계속 나오고 너무 피곤해요. 가래가 많이 나오고 열도 아주 높아요. 이 모든 걸 겪느라 정말 지치고 힘드네요."
기관지 천식,"요즘 너무 아픈 것 같아요. 기침이 계속 나오고 숨 쉬기도 힘들고, 열도 너무 많이 나요. 게다가 너무 피곤하고 기침할 때 가래도 많이 나와요. 이런 증상들이 너무 많아서 감당하기 힘들어요."
기관지 천식,"요즘 몸이 너무 안 좋아요. 열도 엄청 나고, 기침도 계속 나고 숨 쉬는 것도 힘들어요. 가래도 많이 나오고 너무 지치네요. 이런 증상들 때문에 너무 힘들어요."
기관지 천식,열이 나고 기침이 계속 멈추질 않아요. 숨쉬기도 좀 힘들고요. 게다가 끈적끈적한 가래가 많이 나오고 몸이 너무 지치고 힘이 없어요.
기관지 천식,"안녕하세요, 제가 요즘 마른기침이 나고 숨쉬기가 좀 힘들어요. 열도 많이 나고 가래도 많이 생기고요. 몸이 너무 약하고 피곤해요."
기관지 천식,요즘 마른기침도 나고 숨쉬기도 좀 힘들고 열도 많이 나고 가래도 많이 나와요. 그리고 몸이 너무 약하고 피곤해요.
기관지 천식,"요즘 건강이 좀 안 좋아서요. 마른기침도 나고, 숨 쉬기도 힘들고, 열도 많이 나고, 가래도 많이 생겨요. 몸도 너무 힘들고 피곤해요."
기관지 천식,일주일째 계속 몸이 안 좋아요. 마른기침이 나고 숨쉬기도 힘들고 하루 종일 기운이 없어요.
기관지 천식,"닥터, 며칠 전부터 숨을 제대로 못 쉬겠고, 고열 때문에 침대에 누워 있어요. 그리고 가래도 많이 나와요. 어떤 약을 먹어야 할지 추천해 주세요."
기관지 천식,"숨이 차고 기침이 계속 나고 열도 많이 나요. 끈적끈적한 가래도 많이 나오고, 너무 지치고 힘들어요. 이 모든 걸 감당하기가 너무 힘드네요."
기관지 천식,"저 너무 기운 없고 지쳤어요, 열도 너무 심하게 나고요. 이런 증상들 관리하기가 너무 힘들어요. 게다가 가래도 많이 나와요. 요즘엔 모든 게 짜증나요."
기관지 천식,"솔직히 말하자면, 요즘 숨이 좀 차고 기침도 계속 나고 열도 많이 나요. 가래도 끈적하게 많이 나오고, 몸이 너무 지치고 힘들어요. 이 모든 게 좀 버겁고, 지금 상태가 많이 안 좋아요."
기관지 천식,"솔직히 말하면, 열이 많이 나고 기침이 계속되고 숨쉬기가 좀 힘들어요. 게다가 끈적끈적한 가래도 많이 나오고, 몸이 너무 지치고 힘들어요."
기관지 천식,"요즘 계속 기침이 나고 숨쉬기도 힘들고 피곤해서 너무 힘들어요. 열도 많이 나고, 두꺼운 가래가 많이 나와요. 이 모든 게 너무 지치고 힘들어서 지금 몸 상태가 정말 안 좋아요."
기관지 천식,요즘 기침이 계속 나오고 숨쉬기도 좀 힘들어요. 피곤함도 심하고요. 가래가 진하고 끈적끈적한 게 많이 나오고 열도 많이 나요. 이 모든 게 너무 지치고 힘들게 하네요. 지금 몸 상태가 정말 안 좋은 것 같아요.
기관지 천식,기침이 심하게 나고 숨쉬기도 좀 힘들고 졸음도 많이 와요. 가래가 많이 나오는데 되게 끈적끈적하고 열도 많이 나요. 이 모든 게 너무 지치고 힘들어서 지금 상태가 정말 안 좋아요.
기관지 천식,"계속되는 기침이랑 숨쉬기 힘든 게 너무 힘들어요. 피곤해서 지치기도 하고요. 가래가 많이 나오는데, 끈적끈적하고 진해요. 열도 많이 나고요. 요즘 너무 아파서 정말 힘들어요."
기관지 천식,기침이 계속 나오고 숨쉬기도 힘들고 너무 피곤해서 힘들어요. 열도 많이 나고 기침할 때 끈적끈적한 가래도 많이 나와요. 모든 게 너무 지치고 힘들어서 지금 몸 상태가 정말 안 좋아요.
기관지 천식,"열이 너무 심하게 나고, 몸이 너무 약하고 피곤해요. 가래도 많이 나와서 기침도 자주 하고요. 이 모든 증상을 관리하는 게 정말 힘들어요. 모든 게 너무 짜증나요."
기관지 천식,"의사 선생님, 열이 너무 높아서 며칠째 코랑 입으로 숨을 잘 못 쉬겠고 너무 피곤해요. 저한테 맞는 약 좀 추천해 주세요."
기관지 천식,"안녕하세요, 요즘 마른기침이 나고 숨쉬기가 힘들어요. 열도 많이 나고 가래도 많이 생기네요. 몸이 많이 약해지고 피곤해요."
기관지 천식,"며칠째 계속 기침이 멈추질 않고, 호흡도 좀 힘들어요. 열도 너무 높고, 몸이 너무 약해져서 기운이 하나도 없어요. 이런 증상들 때문에 정말 힘들어요."
기관지 천식,졸린 것뿐만 아니라 기침이 계속돼서 숨쉬기도 힘들어요. 끈적끈적한 가래가 많이 나오고 열도 많이 나요.
기관지 천식,"숨쉬기가 힘들고 기침이 계속 나와요. 너무 지치고 기운이 없어요. 열도 많이 나고, 끈적끈적한 가래도 많이 나와요. 모든 걸 감당하려니 정말 너무 지치고 힘드네요."
기관지 천식,숨 쉬기가 힘들고 기침이 오래됐어요. 그리고 몸이 너무 피곤해요. 가래가 진하고 끈적끈적한데 많이 나오고 열도 많이 나요. 이 모든 걸 겪다 보니 몸이 너무 지치고 힘들어요.
기관지 천식,"안녕하세요, 엄마 아빠. 요즘 너무 피곤하고 기침이 계속 나서 힘들어요. 열도 많이 나고 숨쉬기도 좀 가빠졌어요. 게다가 가래도 많이 나오고 있어요."
기관지 천식,"요즘 너무 피곤하고 기침이 계속 나서 숨쉬기가 힘들어요. 열도 많이 나고, 두껍고 끈적한 가래도 많이 나와요."
기관지 천식,"의사 선생님, 열이 너무 높아서 며칠 동안 코나 입으로 숨을 잘 못 쉬겠고 너무 피곤해요. 가끔 가래도 나와요. 어떤 약을 먹어야 할지 추천해 주세요."
기관지 천식,기침이 계속 마르고 숨쉬기가 좀 힘들고 몸도 계속 축 처지는 게 일주일째예요.
고혈압,"머리가 아프고 가슴도 아프고, 어지러워서 균형 잡기가 힘들어요. 그리고 집중도 잘 안 되는 것 같아요."
고혈압,"두통이랑 가슴 통증, 불안정함, 균형 문제도 있는데, 어지러움도 느껴져요. 그리고 집중하는 데도 문제가 있는 것 같아요."
고혈압,"머리도 아프고 가슴도 아프고, 몸이 좀 불안정하고 균형 잡기도 힘들어요. 그리고 몸이 좀 안 좋은 것 같아요. 집중하는 것도 잘 안 되는 것 같아요."
고혈압,"머리 아픈 거 말고도 가슴 통증이랑 몸이 불안정하고 균형 잡기 힘든 것도 있어요. 이미 몸이 좀 안 좋았는데, 집중도 잘 안 되는 것 같아요."
고혈압,"요즘 균형 잡기가 힘들고, 머리도 아프고, 가슴도 아프고, 어지러워요. 집중하고 주의력을 유지하는 것도 어려워요."
고혈압,머리가 아프고 가슴도 아프고 어지러워서 균형 잡기가 힘들어요. 집중도 잘 안 되고 정신을 모으기가 어려워요.
고혈압,"걸을 때 문제가 있고, 두통도 있고, 가슴 통증이랑 어지러움도 느껴져요. 집중하는 것도 힘들어요."
고혈압,"요즘 균형 잡기가 힘들고, 두통도 있고, 가슴 통증이랑 어지러움도 느껴져요. 그리고 집중하고 주의력을 유지하는 것도 잘 안 돼요."
고혈압,"요즘 몸이 좀 이상한데, 자꾸 머리가 아프고 가슴도 아프고 어지러워요. 그리고 집중도 잘 안 되고 정신이 잘 안 맑아요."
고혈압,"머리가 아프고 가슴도 아프고, 어지럽고 균형 잡기도 힘들고, 집중도 잘 안 돼요."
고혈압,"머리가 아프고, 가슴도 좀 아프고, 어지럽고, 균형 잡기가 힘들고, 집중도 잘 안 돼요."
고혈압,"머리도 아프고 가슴도 아프고, 어지럽고 균형 잡기도 힘들고, 집중도 잘 안 돼요."
고혈압,"머리가 아프고, 가슴이 답답하고, 어지럽고, 균형 잡기가 힘들고, 집중도 잘 안 되는 증상들이 있어요."
고혈압,"두통이랑 가슴 통증이 있는 데다가, 어지럽고 균형 잡기도 힘들었어요. 게다가 집중하기도 어려운 것 같아요."
고혈압,"요즘 균형 잡기가 힘들고, 머리도 아프고, 가슴도 아프고, 어지러워요. 그리고 집중하는 것도 잘 안 되는 것 같아요."
고혈압,"요즘 균형 잡기가 힘들고, 두통이랑 가슴 통증도 있어요. 어지러움도 느껴지고, 집중하기도 어렵더라고요."
고혈압,"요즘 균형 잡기가 힘들고 가슴도 아프고 두통도 자주 와요. 그리고 여기저기 몸이 쑤시고, 집중도 잘 안 돼요."
고혈압,"가슴이 아프고 어지러운데, 이마 쪽에 계속 누르는 듯한 두통도 있어요."
고혈압,어지럽고 걸을 때 불안정한 느낌이 들어요. 그리고 집중력이 떨어진 것도 느껴져요.
고혈압,"요즘 어지럽고 몸이 떨리기도 해요. 그리고 집중력도 떨어지고, 주의가 잘 안 가요."
고혈압,"어지럽고 불안한 느낌이 계속 들고, 집중이 잘 안 되고 주의가 산만해지는 것 같아요."
고혈압,"가슴이 너무 아프고, 머리도 계속 아파서 안 가시고, 어지럽고 좀 비틀거리는 느낌이 들어요."
고혈압,"가슴에 심한 통증이 있고, 머리도 계속 아파서 사라지질 않아요. 그리고 어지럽고 균형 잡기가 힘들어요."
고혈압,"가슴 통증이랑 어지러움증이 있고, 머리가 띠처럼 조이는 두통도 있어서 많이 힘들어요."
고혈압,"머리가 꽉 조이는 것처럼 아프고, 가슴도 아프고 어지러워요."
고혈압,어지럽고 방향 감각이 없어서 균형 잡기가 힘들어요. 그리고 두통도 계속되고 있어요.
고혈압,요즘 정신이 좀 혼란스럽고 어지러워요. 균형 잡기도 힘들고요. 게다가 두통도 계속 있어요.
고혈압,어지럽고 머리가 띵하면서 균형 잡기가 힘들어요. 게다가 집중도 잘 안 되고 정신이 흐릿해진 것 같아요.
고혈압,어지럽고 머리가 띵한 것뿐만 아니라 균형 잡기도 힘들어요. 집중하고 주의력을 유지하는 것도 잘 안 되는 것 같아요.
고혈압,"관자놀이 쪽에 찌르는 듯한 두통이 있고, 가슴 통증이랑 어지럼증도 같이 있어요."
고혈압,"가슴 통증이랑 어지러움도 있는데, 이마 쪽에 날카롭게 아픈 두통이 있어요."
고혈압,"하루 종일 괜찮았는데, 산책하다가 갑자기 머리가 아프고 가슴이 아프면서 어지러워졌어요. 그 이후로 집중하기가 힘들어요."
고혈압,산책하다가 갑자기 머리도 아프고 가슴도 아프고 어지럽기 시작했어요. 하루 종일 괜찮았는데 갑자기 이렇게 되니까 당황스럽네요. 그 이후로는 집중하기도 힘들고 정신이 잘 안 모아져요.
고혈압,오늘 아침에 일어났더니 머리가 아프고 가슴도 좀 아프더라고요. 하루가 지나면서 어지럽고 걸을 때도 좀 비틀거리는 것 같아요.
고혈압,"오늘 아침에 머리도 아프고 가슴도 좀 아팠는데, 시간이 지나면서 점점 다리에 힘이 없고 좀 불안정한 느낌이 들기 시작했어요."
고혈압,"며칠 전부터 두통이랑 가슴 통증이 있었는데, 오늘은 어지럼증이랑 균형을 못 잡겠는 게 훨씬 심해졌어요."
고혈압,"며칠 전부터 머리도 아프고 가슴도 아팠는데, 오늘은 어지럽고 균형 잡기가 훨씬 더 힘들어졌어요."
고혈압,일하고 있는데 갑자기 머리가 아프고 가슴도 아프고 어지러워지기 시작했어요. 그 이후로는 일에 집중하기가 너무 힘들어요.
고혈압,"처음에 두통이랑 가슴 통증, 어지러움을 느꼈을 때 직장에 있었어요. 그 이후로는 일에 집중하고 몰두하는 게 힘들어졌어요."
고혈압,운동 중이었는데 갑자기 머리가 아프고 가슴도 아프고 어지러워졌어요. 그 이후로 균형 잡기가 힘들어요.
고혈압,운동하다가 갑자기 머리가 아프고 가슴이 아프면서 어지러워졌어요. 그 이후로는 균형 잡기가 힘들어요.
고혈압,"하루 종일 괜찮았는데, 퇴근길에 갑자기 두통이랑 가슴 통증, 어지러움이 생겼어요. 그 이후로 도로에 집중하기가 힘들어요."
고혈압,"하루 종일 괜찮았는데, 퇴근하고 집에 운전해서 오는 길에 갑자기 두통이랑 가슴 답답함, 어지러움이 생겼어요. 그 이후로 운전할 때 집중하기가 힘들어요."
고혈압,"쇼핑하러 나갔다가 갑자기 두통이랑 가슴 통증, 어지러움이 느껴지기 시작했어요. 그 이후로는 집중도 잘 안 되고 일에 신경 쓰기가 힘드네요."
고혈압,"처음에 두통이랑 가슴 통증, 어지러움을 느꼈을 때는 쇼핑 중이었어요. 그 이후로는 일에 집중하기가 힘들어졌어요."
고혈압,"오늘 아침에는 괜찮게 일어났는데, 시간이 지나면서 두통이 생기고 가슴도 아프고 어지러움까지 느껴졌어요. 그 이후로는 일에 집중하기가 정말 힘들어요."
고혈압,"오늘 아침에 일어났을 땐 괜찮았는데, 시간이 지나면서 머리가 아프고 속이 메스껍고 어지러워지기 시작했어요. 그 이후로는 일에 집중하고 신경 쓰는 게 힘들어졌어요."
고혈압,회의 중간에 갑자기 두통이랑 가슴 통증이랑 어지러움이 생겼어요. 그 뒤로는 회의 내용에 집중하기가 힘들더라고요.
고혈압,회의 중간에 갑자기 두통이랑 가슴 통증이랑 어지러움이 생겼어요. 그 이후로는 주제에 집중하고 몰두하는 게 힘들어요.
고혈압,"하루 종일 괜찮았는데, 갑자기 조깅하던 중에 두통이랑 가슴 통증이 생기고 어지러워졌어요. 그 이후로 균형 잡기가 힘들어요."
편두통,밥 먹고 나면 속이 쓰리고 소화가 잘 안 돼요. 그리고 자주 두통이 있고 시야가 흐릿해지는 것 같아요.
편두통,머리가 자주 아프고 시야가 흐릿해지는 것 같아요. 그리고 식사 후에 속이 쓰리고 소화가 잘 안 되는 느낌도 있어요.
편두통,요즘 시야가 흐릿하고 왜곡돼 보이는 것 같아요. 시각적으로 이상한 증상들이 자꾸 나타나요.
편두통,"요즘 시야가 흐릿하고 왜곡돼 보이는 것 같고, 눈에 문제가 있는 것 같아요."
편두통,"요즘 시야가 흐릿하고, 뭔가 왜곡돼 보이고, 눈이 잘 안 보여요."
편두통,밥을 먹어도 계속 배가 고프고 목이 뻣뻣해요.
편두통,"요즘 시야가 좀 이상하고, 뭔가 왜곡돼 보이기도 하고, 시력에 문제가 있는 것 같아요."
편두통,"요즘 자꾸 짜증도 나고 우울한 기분이 드는데, 시력도 좀 변한 것 같아요."
편두통,요즘 기분이 우울하고 짜증이 많이 나요. 그리고 시력에도 변화가 있는 것 같아요.
편두통,"요즘 짜증도 많이 나고 우울한 기분이 드는데, 시력도 좀 달라진 것 같아요."
편두통,"계속 두통이랑 시야가 흐릿해지는 증상이 있는데, 거기에다가 속이 쓰리고 소화도 잘 안 돼요."
편두통,요즘 속이 자꾸 쓰리고 소화가 잘 안 돼요. 게다가 두통도 자주 오고 시야도 좀 흐릿해진 것 같아요.
편두통,"요즘 계속 배가 고프고 목도 아프고, 시력에도 문제가 있는 것 같아요."
편두통,"목이 뻣뻣하고 눈에 문제가 있는 것 말고도, 요즘 계속 배가 고파요."
편두통,"제가 요즘 속이 쓰리고 소화도 잘 안 되고, 두통도 자주 오고, 시야가 흐릿하고 왜곡돼 보일 때가 있어요. 그리고 너무 배가 고프고 목도 뻣뻣하고, 우울하고 짜증도 많이 나고, 시야가 이상하게 느껴져요."
편두통,"식욕이 너무 왕성한 것 같고, 목도 뻣뻣하고, 우울하고, 조급해지고, 시야도 좀 이상해요. 게다가 소화도 잘 안 되고, 두통도 있고, 시야가 흐릿하고, 속이 쓰려요."
편두통,"식욕이 너무 왕성한 것 말고도, 목이 뻣뻣하고 우울하고 조급해지고 시력도 이상해요. 게다가 소화도 잘 안 되고 두통이랑 시야가 흐릿해지는 것도 있고, 배도 안 좋아요."
편두통,"속이 자주 쓰리고 소화도 잘 안 돼요. 두통도 자주 오고 시력도 좀 나빠진 것 같아요. 그리고 너무 자주 배가 고프고 목도 아프고, 우울하고 짜증도 많이 나요. 시야도 좀 흐릿해요."
편두통,"요즘 식욕이 늘고 목도 아프고 우울하고 짜증도 잘 나고 시야도 좀 이상해요. 게다가 속쓰림이랑 소화불량도 있고, 두통도 자주 오고 시야가 흐릿해지는 것 같아요."
편두통,"요즘 식욕이 늘고 목도 아프고, 불안하고 짜증도 나고, 시야도 좀 흐릿해졌어요. 게다가 속이 쓰리고 소화도 잘 안 되고, 두통도 자주 생기고 시력도 안 좋아진 것 같아요."
편두통,"요즘 소화가 잘 안 되고 속이 쓰려요. 그리고 두통도 자주 오고, 시야가 흐릿해지는 것 같아요. 자꾸 배가 고프고 목도 뻣뻣해요. 우울하고 짜증도 많이 나고, 시야가 이상하게 보일 때가 있어요."
편두통,"""계속 두통이랑 시야가 흐릿한 게 반복되고 있는데, 식욕도 늘고 목도 뻣뻣하고 우울하고 짜증도 나고 시력 문제도 있어요. 게다가 소화불량이랑 속쓰림 같은 위장 문제도 생겼어요."""
편두통,"자주 두통이랑 시야가 흐려지는 것뿐만 아니라 식욕도 늘고, 목도 뻣뻣하고, 불안하고 짜증도 잘 나고, 시력에도 문제가 있어요. 그리고 소화불량이랑 속쓰림 같은 위장 문제도 생겼어요."
편두통,"요즘 속쓰림이랑 소화불량 때문에 너무 힘들고, 두통도 자주 와요. 시야가 흐릿하고 왜곡돼 보이기도 하고, 너무 자주 배가 고프고 목도 아파요. 우울감이랑 짜증도 많이 나고, 시각적인 이상도 좀 있는 것 같아요."
편두통,"두통이랑 소화불량, 속쓰림, 식욕이 너무 왕성하고, 목도 아프고, 우울하고, 조급해지고, 시야도 흐릿하고 왜곡돼 보이는 증상이 있어요."
편두통,"두통이랑 소화 불량, 속 쓰림, 식욕이 너무 왕성하고, 목도 아프고, 우울하고, 조급한 느낌이 들어요. 그리고 시야가 흐릿하고 왜곡돼 보이는 증상도 있어요."
편두통,소화가 잘 안 되고 속이 쓰린데다가 두통도 자주 오고 시력도 좀 나빠졌어요. 그리고 자꾸 배가 고프고 목도 뻣뻣하고 우울하고 짜증도 많이 나고 눈앞이 좀 흐릿해요.
편두통,"속이 쓰리고 소화가 잘 안 되는 게 문제인데, 두통도 자주 오고 시야가 흐릿해요. 그리고 식욕도 늘고 목도 뻣뻣하고, 기분이 우울하고 조급해지기도 하고, 시야가 방해받는 느낌이에요."
편두통,"요즘 속쓰림이랑 소화불량이 자주 있고, 두통도 자주 와요. 시야가 좀 흐릿해지고, 식욕이 너무 왕성해졌어요. 목도 아프고, 우울하고 짜증도 많이 나고, 시각적으로 뭔가 이상한 것 같아요."
편두통,"시력이 흐릿해지고, 식욕이 너무 많아지고, 목도 아프고, 우울하고 짜증도 많이 나고, 두통도 자주 있어요. 게다가 속이 쓰리고 소화도 잘 안 돼요."
편두통,"시력이 흐릿해지고, 식욕이 너무 많아졌어요. 목도 아프고, 불안하고 예민해졌어요. 두통도 자주 오고요. 게다가 속이 쓰리고 소화도 잘 안 돼요."
편두통,"요즘 속이 쓰리고 소화도 잘 안 되고, 두통도 자주 와요. 그리고 시야가 흐릿하고 왜곡돼 보이기도 하고, 너무 자주 배가 고프고 목도 뻣뻣해요. 기분도 우울하고 짜증도 많이 나고, 시각적으로 이상한 게 보이기도 해요."
편두통,"속이 쓰리고 소화도 잘 안 되고, 두통도 자주 와요. 시야가 흐릿하고 왜곡돼 보이기도 하고, 식욕도 늘었어요. 목도 뻣뻣하고 우울하고 짜증도 많이 나요. 시각적인 왜곡도 계속 신경 쓰여요."
편두통,"소화 문제로 고생하고 있어요. 속쓰림이랑 소화불량이 자주 생기고, 두통도 자주 와요. 시력도 좀 안 좋고, 너무 자주 배가 고프고, 목도 아프고, 우울하고 짜증도 많이 나요. 시야가 흐릿할 때도 있어요."
편두통,"요즘 두통이 자주 오고, 시야가 흐릿해지고, 식욕이 너무 왕성해졌어요. 목도 아프고, 기분이 우울하고 짜증도 많이 나요. 소화도 잘 안 되고, 속쓰림 같은 소화 문제도 있어요."
편두통,"자주 두통이 오고, 시야가 흐릿해지고, 식욕이 너무 왕성해요. 목도 아프고, 불안하고 짜증도 많이 나요. 소화도 잘 안 되고, 속쓰림도 있어요."
편두통,"속이 쓰리고 소화가 잘 안 되는데 두통도 있어요. 시야가 흐릿하고 왜곡돼 보이기도 하고, 너무 자주 배가 고프고 목도 뻣뻣해요. 우울하고 짜증도 많이 나고, 시각적으로 이상한 것도 느껴져요."
편두통,"입맛이 너무 좋은 것 말고도, 목이 뻣뻣하고, 두통도 있고, 소화도 잘 안 되고, 속이 쓰려요. 그리고 요즘 자꾸 우울하고, 조급해지고, 시야도 좀 이상해요."
편두통,"입맛이 너무 좋은 것 말고도, 목이 뻣뻣하고 두통도 있고 소화도 잘 안 되고 속이 쓰려요. 게다가 요즘 기분도 우울하고 조급해지고 시야도 좀 이상해요."
편두통,"속이 자주 쓰리고 소화도 잘 안 되고 두통도 자주 있어요. 시야가 좀 흐릿하고, 너무 자주 배가 고프고, 목도 아프고, 우울하고 짜증도 많이 나요. 시각적으로 뭔가 이상한 것도 느껴져요."
편두통,"시력이 안 좋아진 것 외에도, 식욕이 늘고, 목이 아프고, 우울하고, 조급해지고, 두통도 자주 생겨요. 게다가 속쓰림, 역류성 식도염, 소화불량도 겪고 있어요."
편두통,"시력이 안 좋아진 것뿐만 아니라, 요즘 식욕도 너무 왕성하고 목도 아프고 우울하고 조급해지고 두통도 계속 있어요. 게다가 속쓰림, 역류성 식도염, 소화불량까지 겪고 있어요."
편두통,"요즘 속이 쓰리고 소화도 잘 안 되고, 두통도 자주 오고 시야가 흐릿하고 왜곡되기도 해요. 그리고 너무 배가 고프고 목도 뻣뻣하고, 우울하고 짜증도 많이 나고 시각적으로 문제가 생기는 것 같아요. 이런 증상들이 일상생활에 영향을 주고 불편함을 느끼게 해요."
편두통,"입맛이 너무 좋은 것 말고도, 목이 뻣뻣하고, 우울하고, 조급해지고, 시야도 좀 이상해요. 소화도 잘 안 되고, 두통도 있고, 시야가 흐릿하고, 속이 쓰려요. 이런 증상들이 저를 괴롭히고 일상생활에 지장을 주고 있어요."
편두통,"식욕이 너무 왕성한 것뿐만 아니라, 목이 뻣뻣하고 우울하고 짜증이 많이 나고 시력에도 문제가 있어요. 소화도 잘 안 되고 두통도 있고, 시야가 흐릿해지고 속쓰림도 있어요. 이런 증상들이 저를 괴롭히고 일상생활에도 지장을 주고 있어요."
편두통,"요즘 속쓰림이랑 소화불량이 심하고, 자주 두통도 있어요. 시력도 좀 안 좋아지고, 너무 자주 배고프고, 목도 아프고, 우울하고 짜증도 많이 나요. 눈앞이 뿌옇게 보일 때도 있어요. 이런 증상들 때문에 너무 힘들고 일상생활하기가 너무 어려워요."
편두통,"시력이 안 좋아진 것뿐만 아니라 식욕도 늘고, 목도 아프고, 우울하고 짜증도 많이 나고, 두통도 자주 있어요. 그리고 요즘 속이 쓰리고 소화도 잘 안 되고 편두통도 자주 생겨요. 이런 증상들 때문에 일상생활이 많이 힘들어졌고, 정말 스트레스가 많이 쌓여요."
편두통,"시력이 안 좋아진 것뿐만 아니라 식욕이 늘고, 목도 아프고, 우울하고 짜증도 많이 나고, 두통도 자주 있어요. 게다가 속쓰림, 소화불량, 어지럼증도 자주 겪고 있어요. 이런 증상들 때문에 일상생활이 너무 힘들고 스트레스가 많이 쌓여요."
편두통,"요즘 속이 쓰리고 소화도 잘 안 되고, 머리도 아프고 시야가 흐릿하고 왜곡돼 보여요. 그리고 너무 배고프고 목도 뻣뻣하고 우울하고 짜증도 많이 나고 시각적으로도 문제가 있어요. 이런 증상들이 일상생활에 지장을 주고 불편해요."
편두통,"요즘 속쓰림이랑 소화불량 때문에 너무 힘들고, 두통도 자주 와요. 그리고 시야가 흐릿하고 왜곡돼 보이기도 하고, 너무 배고플 때가 많아요. 목도 아프고, 우울하고 짜증도 많이 나고, 시각적으로 이상한 것도 느껴져요. 이런 증상들 때문에 너무 힘들고, 집중도 잘 안 되고 일상생활이 잘 안 돼요."
경추 척추증,"심한 허리 통증이 있고, 기침도 계속 나고, 팔다리에 힘이 없어요. 목도 아프고 어지럽고 균형 잡기가 힘들어요."
경추 척추증,"만성 기침이랑 팔다리 힘 빠지는 것뿐만 아니라, 허리가 너무 아파서 힘들어요. 목도 아프고 어지럽고 자꾸 비틀거려요."
경추 척추증,허리 통증이랑 심한 기침 때문에 고생하고 있어요. 팔이랑 다리도 힘이 없고요. 게다가 목도 아프고 어지러움증이랑 균형 잡는 것도 문제가 있어요.
경추 척추증,"허리도 아프고, 기침도 심하게 나고, 팔이랑 다리가 저려요. 게다가 목도 아프고, 균형 잡기도 힘들고 어지럽기도 해요."
경추 척추증,"허리도 아프고, 기침도 계속 나오고, 팔이랑 다리가 저려요. 게다가 목도 아프고, 균형 잡기도 힘들고 어지럽기까지 해요."
경추 척추증,"요즘 기침이 계속 나고, 팔이랑 다리가 저리고 아파요. 게다가 목도 아프고, 균형 잡기가 힘들고 어지러워요."
경추 척추증,허리 통증이 계속되고 기침도 잘 안 멈춰요. 팔다리에 힘도 없고요. 목도 아프고 어지럼증이랑 균형 잡는 것도 문제가 있어요.
경추 척추증,허리 쪽이 불편하고 기침이 계속 나고 팔다리에 힘이 없어요. 어지럽고 균형 잡기가 힘들고 목도 아파요.
경추 척추증,"허리 쪽이 불편하고 숨쉬기가 좀 힘들어요. 팔다리에 힘이 없고요. 어지럽고 균형 잡기가 어려운데, 목도 아파요."
경추 척추증,"요즘 허리가 너무 아프고, 마른기침도 나고 팔다리에 힘이 없어요. 목도 아프고 어지럽고 걸을 때 비틀거려요."
경추 척추증,"요즘 허리가 너무 아프고 기침도 자꾸 나고, 팔다리에 힘이 없어요. 어지럽고 걸을 때 휘청거리기도 하고, 목도 아프네요."
경추 척추증,"허리 통증이랑 마른기침, 팔다리 힘 빠짐 때문에 고생하고 있어요. 어지럽고 걸을 때 불안정한 느낌도 들고, 목도 아파요."
경추 척추증,"요즘 허리 통증이랑 만성 기침, 팔다리 힘 빠짐 때문에 너무 힘들어요. 자꾸 어지럽고 다리에 힘이 잘 안 들어가고, 목도 아파요."
경추 척추증,요즘 허리가 아프고 가래가 나오는 기침도 해요. 팔다리에 힘도 없고요. 목도 뻐근하고 어지럽고 균형 잡기도 힘들어요.
경추 척추증,"허리도 아프고 가래가 나오는 기침도 계속돼요. 팔다리에 힘이 없고, 균형 잡기가 힘들고 어지러워요. 목도 아프네요."
경추 척추증,"허리가 아프고 숨 쉬기가 힘들어요. 팔다리에 힘이 없고, 균형 잡기도 어렵고 어지러워요. 목도 아프고요."
경추 척추증,"요즘 허리 통증이 심하고 기침도 계속 나와요. 근육도 힘이 없고, 목도 아파요. 게다가 어지럽고 균형 잡기도 힘들어요."
경추 척추증,"허리도 아프고, 기침도 오래가고, 근육도 힘이 없어요. 어지럽고 균형 잡기도 힘들고, 목도 아파요."
경추 척추증,"허리 통증이랑 만성 기침, 근육 약화가 계속 저를 괴롭히고 있어요. 어지럽고 균형을 잃을까 봐 걱정도 되고, 목도 아파요."
경추 척추증,"요즘 허리가 너무 아프고, 기침도 했다가 안 했다가 해요. 팔다리에도 힘이 없고, 목도 아프고 어지럽고 균형 잡기가 힘들어요."
경추 척추증,"요즘 가끔씩 기침이 심하게 나고, 허리도 많이 아파요. 팔다리에 힘이 잘 안 들어가고, 목도 아픈데다가 어지럽고 균형 잡기도 힘들어요."
경추 척추증,"요즘 주기적으로 기침이 심하게 나고, 허리가 너무 아프고 팔다리에 힘이 없어요. 목도 아프고 어지럽고 불안정한 느낌도 들어요."
경추 척추증,"요즘 허리가 아프고 기침도 계속 나고, 팔다리에 힘이 없어요. 목도 아프고 어지럽고 균형 잡기도 힘들어요."
경추 척추증,"허리 통증이랑 계속되는 기침, 그리고 팔이랑 다리가 저려서 너무 힘들어요. 균형 잡기도 어렵고 어지러움도 느껴지고, 목도 아파요."
경추 척추증,"허리도 아프고, 기침도 자꾸 나고, 팔다리가 뻣뻣해서 불편해요. 균형 잡기도 힘들고 어지러울 때가 많고, 목도 아파요."
경추 척추증,"요즘 허리가 아프고 기침이 계속 나와요. 팔이랑 다리가 저리고, 균형 잡기도 힘들고 어지럼증도 잘 안 가라앉아요. 게다가 목도 아프네요."
경추 척추증,"팔이랑 다리에 힘이 없고, 허리도 아프고 기침도 계속 나요. 게다가 목도 아프고 균형 잡기도 힘들어서 어지러움까지 느껴요."
경추 척추증,"허리 통증이랑 계속되는 기침, 그리고 팔이랑 다리에 힘이 없어서 힘들어요. 목도 아프고, 균형 잡기도 어렵고, 어지러움도 느껴져요."
경추 척추증,"허리도 아프고 기침도 계속 나고, 팔이랑 다리가 저려요. 균형 잡기도 힘들고 어지러움도 느껴지고, 목도 아파요."
경추 척추증,"요즘 허리가 아프고, 마른기침이 나고, 근육에 힘이 없어요. 목도 뻐근하고 어지럽고 걸을 때 좀 휘청거리는 느낌이에요."
경추 척추증,"허리도 아프고, 마른기침도 나고, 근력이 없어서 힘들어요. 목도 아프고, 어지럽고 몸이 떨리는 느낌이에요."
경추 척추증,"근육에 힘이 없고, 허리도 아프고 마른기침도 나요. 목도 아프고 어지럽고 걸을 때 불안정한 느낌이 들어요."
경추 척추증,"근육에 힘이 잘 안 들어가고, 허리가 아파요. 어지럽고 걸을 때 비틀거리고, 목도 아프네요."
경추 척추증,"요즘 허리가 아프고, 마른 기침이 나고, 근육도 힘이 없는 것 같아요. 목도 아프고, 어지럽고, 가만히 서 있는 것도 힘들어요."
경추 척추증,요즘 허리가 너무 아프고 기침도 오래됐어요. 팔이랑 다리도 힘이 없고요. 목도 뻐근하고 어지럽고 균형 잡기도 힘들어요.
경추 척추증,"허리 통증이 너무 심하고 기침도 계속 나고요, 팔다리에 힘이 없어요. 어지럽고 균형 잡기도 힘들고, 목도 아파요."
경추 척추증,"요즘 허리가 너무 아프고 기침도 계속 나와요. 팔이랑 다리가 저리고, 어지럽고 균형 잡기도 힘들어요. 목도 아프고요."
경추 척추증,기침이 계속 나오고 팔이랑 다리에 힘이 없고 허리가 너무 아파요. 어지럽고 균형 잡기가 힘들고 목도 아파요.
경추 척추증,"심한 허리 통증이 있고, 가래가 나오는 기침도 해요. 근육도 힘이 없고, 목도 아파요. 게다가 어지럽고 걸을 때 중심 잡기가 힘들어요."
경추 척추증,"등이 너무 아픈데다가 가래가 섞인 기침도 나고 온몸에 힘이 없어요. 어지럽고 걸을 때도 불안정한 느낌이 들고, 목도 아파요."
경추 척추증,"근육이 좀 많이 약해졌고, 가래가 나오는 기침도 하고 있어요. 게다가 허리도 많이 불편해요. 몸이 힘도 없고 어지러운 느낌도 드는데, 목도 아파요."
경추 척추증,"가래가 섞인 기침이랑 근육 약화도 있는데, 허리가 너무 아파요. 게다가 어지럽고 다리에 힘이 잘 안 들어가고, 목도 아파요."
경추 척추증,요즘 허리가 아프고 기침이 계속 나와요. 팔다리에 힘도 없고요. 목도 뻐근하고 어지럽고 균형 잡기가 힘들어요.
경추 척추증,"허리도 아프고, 기침도 오래됐고, 팔다리에 힘도 잘 안 들어가요. 방향 감각이랑 균형 잡는 것도 어렵고, 목도 아파요."
경추 척추증,"허리도 아프고, 기침도 계속 나고, 팔다리에 힘이 없어요. 목도 아프고, 몸이 불안정해서 균형 잡기도 힘들어요."
경추 척추증,"요즘 허리가 아프고, 기침이 오래가고, 팔다리에 힘도 잘 안 들어가요. 목도 아프고 어지럽고 균형 잡기도 힘들어요."
경추 척추증,"허리도 아프고, 기침도 계속 나오고, 팔이랑 다리가 저려요. 목도 아프고, 어지럽고 좀 비틀거리는 느낌이에요."
경추 척추증,"요즘 허리가 아프고 기침도 계속 나고, 팔다리에 힘이 없어요. 목도 아프고, 균형 잡기가 힘들고 어지러운 느낌이 들어요."
경추 척추증,요즘 허리가 아프고 가래가 나오는 기침도 심해요. 근육도 힘이 없고 목도 뻐근해요. 어지럽고 균형 잡기도 힘들어요.
경추 척추증,"허리도 아프고 가래가 나오는 기침도 계속돼요. 근육도 힘이 없고, 어지럽고 균형 잡기도 힘들어요. 목도 아프고요."
황달,"요즘 심한 가려움증이 있고, 구토도 하고 피곤해요. 체중도 줄고 고열이 있어요. 피부가 노랗게 변했고 소변 색도 진해졌어요. 그리고 복통도 있어요."
황달,"요즘 몸이 너무 가렵고, 아프고, 피곤해요. 게다가 체중도 줄고 열도 나요. 소변 색이 진하고 피부가 노래졌어요. 그리고 배도 아파요."
황달,"요즘 몸이 너무 가렵고, 속이 메스껍고, 기운도 하나도 없어요. 열도 많이 나고, 체중도 줄었어요. 피부랑 소변이 노랗게 변했어요. 게다가 배도 계속 아파요."
황달,"요즘 너무 가려워서 미치겠고, 몸도 안 좋고 피곤해요. 게다가 열도 나고 살도 빠졌어요. 소변 색깔이 검고, 피부에 노란 발진도 생겼어요. 그리고 배도 아파요."
황달,심하게 가려움증이 있고 구토도 해요. 너무 피곤하고 체중도 줄었어요. 열이 많이 나고 피부가 노랗게 변했어요. 소변 색도 진하고 복통도 있어요.
황달,"요즘 심한 가려움증이랑 메스꺼움을 느끼고 있어요. 체중도 줄었고, 너무 피곤해요. 피부가 노랗게 변했고, 열도 심하게 나고 있어요. 소변 색이 진하고, 배도 아파요."
황달,요즘 계속 토하고 몸이 너무 가려워요. 체중도 줄고 너무 피곤해요. 피부가 노래졌고 열도 많이 나요. 배도 아프고 소변 색이 검어요.
황달,요즘 가려움증이 심하고 속이 메스꺼워요. 체중도 줄고 너무 피곤해요. 열도 많이 나고 피부가 노래지고 있어요. 배도 아프고 소변 색이 검어요.
황달,요즘 너무 가려움증이 심하고 메스꺼워요. 체중도 줄고 너무 피곤해요. 피부가 노랗게 변했고 열도 심하게 나요. 소변 색이 진하고 배도 아파요.
황달,"요즘 몸이 가려워서 긁고, 구토도 자주 해요. 너무 피곤하고 살도 빠졌어요. 열도 많이 나고 피부가 노래졌어요. 소변 색깔이 진하고 배도 아파요."
황달,"요즘 몸이 좀 안 좋아서요. 목이 따끔거리고 토도 자주 해요. 체중도 줄고 너무 피곤해요. 피부가 노랗게 변했고, 열도 심하게 나요. 배도 아프고 소변 색이 검어요."
황달,"요즘 몸이 가려워서 긁고, 토하기도 해요. 체중도 줄고 너무 피곤해요. 피부가 노랗게 변했고 열도 많이 나요. 게다가 배도 아프고 소변 색깔도 진해졌어요."
황달,배가 따끔거리고 구토를 했어요. 체중도 줄고 너무 피곤해요. 열도 많이 나고 피부가 노래졌어요. 배도 아프고 소변이 검은색이에요.
황달,"요즘 몸이 가려워서 긁고, 자꾸 토해요. 게다가 체중도 줄고 너무 피곤해요. 피부가 노랗게 변했고 열도 심하게 나요. 배도 아프고 소변 색깔이 검어요."
황달,요즘 너무 피곤하고 메스껍고 가려워요. 게다가 살도 빠지고 열도 나요. 소변 색도 진하고 피부가 노래졌어요. 그리고 배도 아파요.
황달,"요즘 몸이 가려워서 힘들고, 구토도 하고 피곤해요. 체중도 줄고 열도 많이 나요. 피부가 노랗게 변하고 소변 색도 진해졌어요. 게다가 복통도 있어요."
황달,요즘 몸이 좀 간질간질하고 아프고 피곤해요. 열도 많이 났고 체중도 줄었어요. 피부랑 소변이 노랗게 변했어요. 게다가 배도 아파요.
황달,"가려움증이랑 메스꺼움, 피로감이 계속 저를 괴롭히고 있어요. 게다가 열도 나고 체중도 줄었어요. 소변이 검고, 피부에 노란 발진이 생겼어요. 그리고 배도 아파요."
황달,요즘 속이 메스껍고 토하고 너무 피곤해요. 게다가 체중도 줄고 열도 나요. 소변 색깔이 검고 피부가 노래졌어요. 그리고 배도 아파요.
황달,"요즘 몸이 너무 가려워서 힘들고, 구토도 하고 피곤해요. 체중도 줄고 열도 많이 나요. 피부가 노래지고 소변 색도 진해졌어요. 게다가 배도 아파요."
황달,요즘 몸이 너무 가렵고 아프고 피곤해요. 그리고 체중도 줄고 열도 있어요. 소변 색이 진하고 피부가 노랗게 변했어요. 게다가 배도 아파요.
황달,"요즘 몸이 너무 가렵고, 아프고, 피곤해요. 게다가 체중도 줄고 열도 있어요. 소변 색이 진하고 피부가 노랗게 변했어요. 그리고 배도 아파요."
황달,요즘 몸이 너무 가렵고 아프고 피곤해요. 게다가 살도 빠지고 열도 있어요. 소변 색깔이 진하고 피부가 노래졌어요. 그리고 배도 아파요.
황달,계속 목이 간질간질하고 아프고 피곤해요. 게다가 체중도 줄고 열도 있어요. 소변 색이 진하고 피부가 노래졌어요. 그리고 배도 아파요.
황달,"요즘 몸이 너무 가렵고, 속도 메스껍고, 기운도 하나도 없어요. 열도 많이 나고, 살도 빠졌어요. 피부랑 소변이 노랗게 변했어요. 그리고 배도 아파요."
황달,심한 가려움증이랑 구토가 계속되고 피로감도 심해요. 체중도 줄었고 고열이 나요. 피부가 노래지고 소변 색이 진해졌어요. 복통도 있어요.
황달,요즘 몸이 너무 간질간질하고 어지럽고 기운이 하나도 없어요. 게다가 살도 빠지고 열도 나요. 소변 색깔이 진하고 피부가 노래졌어요. 그리고 배도 아파요.
황달,"요즘 심한 가려움증이랑 메스꺼움, 그리고 피로감을 느끼고 있어요. 열도 많이 났고 체중도 줄었어요. 피부랑 소변이 노랗게 변했어요. 게다가 배도 아파요."
황달,"요즘 너무 가려워서 미치겠고, 속도 울렁거리고 너무 피곤해요. 게다가 열도 나고 살도 빠졌어요. 소변 색깔이 검고, 피부에 노란 발진도 생겼어요. 배도 계속 아프고요."
황달,"요즘 너무 가려워서 힘들고, 속도 울렁거리고 피곤해요. 게다가 열도 나고 살도 빠졌어요. 소변 색이 검고, 피부에 노란 발진도 생겼어요. 배도 아파요."
황달,"요즘 몸이 가려워서 긁게 되고, 자꾸 토해요. 너무 피곤하고 살도 빠졌어요. 열도 많이 나고 피부가 노래졌어요. 배도 아프고요."
황달,요즘 몸이 가려워서 긁고 토하기도 했어요. 체중도 줄고 너무 피곤해요. 피부가 노랗게 변했고 열도 많이 나요. 최근에는 배도 아프기 시작했어요.
황달,배가 따끔거리고 토를 했어요. 체중도 줄고 너무 피곤해요. 열이 많이 나고 피부가 노래졌어요. 그리고 배도 아파요.
황달,"요즘 몸이 가려워서 긁고, 토하기도 했어요. 체중도 줄고 너무 피곤해요. 피부가 노랗게 변했고 열도 심하게 나요. 그리고 배도 아파요."
황달,요즘 너무 피곤하고 메스껍고 가려워요. 게다가 체중도 줄고 열도 나요. 소변 색이 진하고 피부가 노래졌어요. 그리고 배도 아파요.
황달,"가려움증이 있고, 구토도 하고, 피곤해요. 체중도 줄었고, 열이 많이 나요. 피부가 노랗게 변했고 소변 색이 진해졌어요. 그리고 복통도 있어요."
황달,요즘 몸이 좀 간질간질하고 아프고 피곤해요. 열도 많이 났고 체중도 줄었어요. 피부랑 소변이 노래졌어요. 게다가 배도 아파요.
황달,"가려움증이랑 메스꺼움, 피로감이 계속 저를 괴롭히고 있어요. 게다가 열도 나고 체중도 줄었어요. 소변이 검고, 피부에 노란 발진도 생겼어요. 그리고 배도 아파요."
황달,"요즘 심한 가려움증이랑 구토, 피로감이 계속 있어요. 체중도 줄고 고열도 나고요. 피부가 노랗게 변하고 소변 색도 진해졌어요. 게다가 복통도 계속 생기고 있어요."
황달,요즘 몸이 너무 가렵고 아프고 피곤해요. 그리고 체중도 줄고 열도 있어요. 소변 색이 진하고 피부가 노래졌어요. 게다가 배도 아파요.
황달,"요즘 몸이 너무 가렵고, 속이 울렁거리고, 너무 피곤해요. 열도 많이 나고, 살도 빠졌어요. 피부랑 소변 색깔이 노랗게 변했어요. 그리고 배도 아파요."
황달,요즘 심한 가려움증이랑 구토가 계속되고 피로감도 많이 느껴져요. 체중도 줄고 고열이 나고 있어요. 피부가 노래지고 소변 색도 진해졌어요. 그리고 복통도 있어요.
황달,"요즘 몸이 너무 가렵고, 어지럽고, 피곤해요. 게다가 체중도 줄고 열도 있어요. 소변 색깔이 진하고 피부도 노래졌어요. 그리고 배도 아파요."
황달,"요즘 심한 가려움증이랑 메스꺼움, 그리고 피로감이 있어요. 고열도 있었고 체중도 줄었어요. 피부랑 소변이 노랗게 변했어요. 게다가 배도 아파요."
황달,요즘 가려움증이 생기고 구토도 하고 피로감이 심해요. 체중도 줄고 열이 많이 나고 피부가 노래졌어요. 소변 색깔이 진하고 복통도 있어요.
황달,"체중이 줄고, 메스꺼움과 가려움, 피로감을 느끼고 있어요. 피부가 노랗게 변했고, 열이 심하게 나요. 소변 색이 진하고, 배도 아파요."
황달,"요즘 심한 가려움증이랑 구토가 계속되고, 피로감도 심하고 체중도 줄었어요. 열도 많이 나고 피부가 노랗게 변했어요. 소변 색도 진하고 복통도 있어요."
황달,"체중이 줄고 심한 가려움증, 메스꺼움, 피로감을 느끼고 있어요. 피부가 노랗게 변했고, 열도 심하게 나고 있어요. 소변 색깔이 진하고, 배도 아파요."
황달,"심한 가려움증이랑 구토, 피로감, 체중 감소가 계속되고 있어요. 열도 많이 나고 피부가 노랗게 변했어요. 소변 색도 진하고 복통도 있어요."
황달,요즘 살이 빠지고 너무 피곤해요. 구토도 자주 하고 있고요. 피부가 노랗게 변했고 열도 심하게 나요. 소변 색깔이 진하고 배도 아파요.
말라리아,"심한 가려움증이 있고, 오한이랑 구토도 있어요. 열도 많이 나고 땀도 많이 흘려요. 머리도 아프고 메스꺼운데 근육도 너무 아파요."
말라리아,"열이 많이 나고, 구토도 하고, 오한이 들면서 가려움증이 심해요. 두통도 있고 땀도 많이 나요. 속이 메스껍고 근육도 많이 아파요."
말라리아,열이 많이 나고 구토를 했어요. 몸이 으슬으슬 춥고 가려움증이 심해요. 머리도 아프고 땀도 많이 나요. 속이 메스껍고 근육도 많이 아파요.
말라리아,"심한 가려움증이랑 오한, 메스꺼움, 그리고 고열이 계속 저를 괴롭히고 있어요. 두통도 있고 땀도 많이 나요. 근육도 많이 아프고 몸이 안 좋아요."
말라리아,"심하게 긁는 것 말고도 오한이랑 메스꺼움, 그리고 고열이 있어서 너무 힘들어요. 두통이랑 식은땀도 많이 나고, 근육도 많이 아프고 속이 울렁거려요."
말라리아,고열이 나고 오한이 들면서 가려움증이 심해요. 게다가 두통도 있고 땀도 많이 나요. 근육도 많이 아프고 몸이 안 좋아요.
말라리아,"온몸이 심하게 가려운데, 오한이랑 구토도 있어요. 열도 정말 높고 땀도 많이 나요. 두통도 있고 메스꺼움도 느껴져요. 근육도 너무 아파요."
말라리아,몸이 너무 가렵고 오한이 들면서 구토가 나와요. 열도 엄청 높고 땀도 많이 나요. 속이 메스껍고 머리도 아파요. 근육도 너무 아파서 견디기 힘들어요.
말라리아,몸이 너무 가렵고 오한이랑 메스꺼움도 있어요. 땀도 많이 나고 열도 엄청 높아요. 속이 울렁거리고 머리도 아파요. 근육도 정말 아프고요.
말라리아,"몸이 심하게 가렵고, 오한이 들면서 구토도 해요. 열이 정말 많이 나고 땀도 많이 흘려요. 속이 메스껍고 머리도 아파요. 근육도 너무 아파서 견디기 힘들어요."
말라리아,몸이 심하게 가려운데다가 오한이랑 메스꺼움도 있어요. 땀도 많이 나고 열이 엄청 높아요. 속이 안 좋고 두통도 있어요. 근육도 많이 아파요.
말라리아,"심한 가려움증이랑 오한, 구토, 그리고 고열로 고생하고 있어요. 땀도 많이 나고 두통도 있어요. 메스꺼움이랑 근육통도 저를 괴롭히고 있어요."
말라리아,고열이 나고 심하게 가려워요. 오한도 있고 구토도 해요. 두통도 있고 땀도 많이 나요. 게다가 메스꺼움과 근육통도 있어요.
말라리아,열이 많이 나고 구토도 하고 있어요. 몸이 춥고 가려움증도 심해요. 게다가 땀도 많이 나고 두통도 있어요. 그리고 메스꺼움과 근육통도 저를 괴롭히고 있어요.
말라리아,"요즘 상태가 너무 안 좋아요. 강한 가려움증에 오한도 있고, 메스꺼움이랑 고열도 있어요. 게다가 두통도 있고 땀도 많이 나요. 메스꺼움이랑 근육통도 저를 괴롭히고 있어요."
말라리아,"열이 많이 나고, 오한이 들면서 가려움증이 심해요. 게다가 두통도 있고 땀도 많이 나요. 그리고 메스꺼움이랑 근육통도 있어서 너무 힘들어요."
말라리아,"열이 많이 나고, 심하게 가려워요. 오한도 있고 구토도 해요. 게다가 두통도 있고 땀도 많이 나요. 그리고 메스꺼움이랑 근육통도 있어요."
말라리아,"열이 많이 나고 구토도 하고, 오한이 들면서 심하게 가려워요. 땀도 많이 나고 두통도 있어요. 그리고 메스꺼움이랑 근육통도 저를 괴롭히고 있어요."
말라리아,"심한 가려움증이랑 오한이 있고, 구토도 하고 열이 많이 나요. 땀도 너무 많이 나고 두통도 있어요. 메스꺼움이랑 근육통도 저를 힘들게 해요."
말라리아,"열이 많이 나고, 구토도 하고, 오한이 들면서 가려움증이 심해요. 두통도 있고 땀도 많이 나요. 그리고 메스꺼움이랑 근육통 때문에 불편해요."
말라리아,"요 며칠 동안 가려움증이 심하고, 오한이 들고, 메스꺼움이랑 고열 때문에 너무 힘들어요. 두통도 있고 땀도 많이 나요. 메스꺼움이랑 근육통도 계속 신경 쓰여요."
말라리아,"심하게 긁는 것 외에도 오한, 메스꺼움, 고열이 있어서 몸이 정말 안 좋아요. 머리도 아프고 땀도 많이 나요. 메스꺼움이랑 근육통 때문에도 불편해요."
말라리아,고열이 나고 오한이 들면서 심한 가려움증이 있어요. 게다가 두통도 있고 땀도 많이 나요. 메스꺼움도 있고 근육통도 겪고 있어요.
말라리아,열이 많이 나고 구토도 했어요. 춥고 가려움도 심해요. 두통도 있고 땀도 많이 나요. 메스꺼움과 근육통 때문에 더 불편해요.
말라리아,"심한 가려움증이랑 오한이 있고, 구토도 했어요. 열이 많이 나고 땀도 많이 나요. 머리도 아프고요. 메스꺼움이랑 근육통 때문에 너무 힘들어요."
말라리아,"요즘 몸이 너무 가려워서 긁고, 오한도 오고, 구토도 하고 열도 나요. 머리도 아프고 땀도 많이 나고요. 속도 너무 울렁거리고 근육도 여기저기 아파요."
말라리아,"심한 가려움증이랑 오한, 메스꺼움, 고열이 있었어요. 두통도 있고 땀도 많이 나요. 메스꺼움이랑 근육통도 심해요."
말라리아,"열이 많이 나고, 몸이 으슬으슬 춥고, 가려움증이 심해요. 두통도 있고 땀도 너무 많이 나는데, 속이 울렁거리고 근육통도 심해서 너무 힘들어요."
말라리아,고열이 나고 오한이 들면서 심하게 가려워요. 게다가 두통도 있고 땀도 많이 나요. 속도 메스껍고 근육통도 있어서 너무 힘들어요.
말라리아,"심한 가려움증이 있고, 오한이랑 구토도 있어요. 열도 많이 나고 땀도 많이 흘려요. 두통도 있고요. 메스꺼움이랑 근육통 때문에 많이 불편해요."
말라리아,"열이 많이 나고 구토도 하고, 오한이 들면서 가려움증이 심해요. 두통도 있고 땀도 많이 나요. 요즘 메스꺼움과 근육통 때문에 정말 불편해요."
말라리아,"강한 가려움증이랑 오한, 메스꺼움, 그리고 고열 때문에 너무 힘들어요. 두통도 있는데 땀도 많이 나고요. 심한 근육통이랑 메스꺼움도 계속되고 있어요."
말라리아,"심하게 긁는 것뿐만 아니라 오한, 메스꺼움, 고열도 있어요. 그리고 정말 몸이 안 좋네요. 두통이랑 식은땀도 많이 나고, 심한 근육통이랑 메스꺼움도 겪고 있어요."
말라리아,고열이 나고 오한이 들면서 가려움증이 심해요. 게다가 두통도 있고 땀도 많이 나요. 근육통이랑 메스꺼움 때문에 너무 힘들어요.
말라리아,"심한 가려움증이 있고, 오한이랑 구토도 해요. 열도 많이 나고 땀도 너무 많이 나요. 머리도 아프고요. 메스꺼움이랑 근육통도 있어서 힘들어요."
말라리아,"요즘 몸이 많이 가렵고, 오한이 들고, 구토도 하고 열도 나요. 두통도 있고 땀도 많이 나요. 그리고 메스꺼움이랑 근육통도 있어서 너무 힘들어요."
말라리아,"심한 가려움증이랑 오한, 메스꺼움, 그리고 고열이 있어요. 두통도 있고 땀도 많이 나요. 메스꺼움이랑 근육통도 저를 괴롭히고 있어요."
말라리아,"열이 많이 나고, 몸이 으슬으슬 추워요. 그리고 가려움증이 심해요. 머리도 아프고 땀도 많이 나요. 속이 울렁거리고 근육통도 있어요."
말라리아,"요즘 심한 가려움증이랑 오한이 있고, 구토도 하고 열도 많이 나요. 게다가 두통도 있고 땀도 많이 나요. 그리고 메스꺼움이랑 근육통도 있어서 너무 힘들어요."
말라리아,"심한 가려움증이랑 오한이 있고, 구토도 하고 고열이 나요. 땀도 많이 나고 두통도 있어요. 메스꺼움이랑 근육통도 저를 불편하게 하고 있어요."
말라리아,"고열이 나고, 심하게 가려워요. 오한이 들고 구토도 해요. 머리도 아프고 땀도 많이 나요. 메스꺼움이랑 근육통 때문에 너무 불편해요."
말라리아,"고열이 나고, 심한 가려움증이 있어요. 오한도 느껴지고 구토도 해요. 게다가 땀도 많이 나고 두통도 있어요. 메스꺼움과 근육통도 저를 괴롭히고 있어요."
말라리아,"요즘 상태가 좀 안 좋은데, 심한 가려움증이 있고 오한이랑 메스꺼움도 있어요. 열도 많이 나고요. 두통도 있고 땀도 많이 나요. 메스꺼움이랑 근육통 때문에 불편하기도 해요."
말라리아,"지금 몸 상태가 많이 안 좋아요. 심한 가려움증이 있고, 오한이 나면서 메스꺼움도 있어요. 열도 많이 나고요. 게다가 두통도 있고 땀도 많이 흘리고 있어요. 메스꺼움뿐만 아니라 근육통도 있어서 너무 힘들어요."
말라리아,"열이 많이 나고, 심하게 가려워요. 오한이 들고 구토도 해요. 두통도 있고 땀도 많이 나요. 메스꺼움이랑 근육통 때문에 너무 불편해요."
말라리아,"요즘 심한 가려움증이랑 오한이 있고, 구토도 하고 열도 많이 나요. 땀도 많이 나고 두통도 있어요. 메스껍고 근육통도 있어서 너무 힘들어요."
말라리아,"요즘 너무 가려워서 긁게 되고, 오한이 들고, 열도 많이 나요. 두통도 있고 땀도 많이 나요. 속이 너무 안 좋고 근육도 여기저기 쑤셔요."
말라리아,"고열이랑 함께 오한이 나고, 구토도 하고 심하게 가려워요. 두통도 있는데 땀도 많이 나요. 메스껍고 근육통도 심해서 너무 힘들어요."
말라리아,"고열이랑 오한이 있고, 구토도 하고 심한 가려움증이 있어요. 두통이랑 식은땀도 많이 나고, 메스꺼움이랑 근육통 때문에 너무 힘들어요."
말라리아,"심한 가려움증이 있고, 오한이 나고, 구토를 했어요. 열도 많이 나고 땀도 너무 많이 나요. 게다가 두통도 있고요. 메스꺼움이랑 근육통도 있어서 많이 불편해요."
요로감염,"소변을 자주 보고 싶은데 양이 별로 안 나와요. 소변 볼 때 아프고, 소변 색이 탁하거나 피가 섞여 나와요. 냄새도 심하게 나고, 아랫배가 아파요. 열도 조금 나고, 메스껍고 토할 것 같아요."
요로감염,"밤에 소변이 자주 마려운데 양은 별로 안 나오고, 소변 볼 때 많이 아파요. 소변이 탁하고 피가 섞여 나오고 가끔 냄새도 안 좋아요. 그리고 속이 메스꺼워요."
요로감염,소변 볼 때 화끈거리는 느낌이 들어요. 가끔은 통증도 심하고 소변 냄새도 안 좋아요. 그리고 밤에 소변이 더 자주 마려워요.
요로감염,소변에 피가 섞여 나와요. 가끔 소변 볼 때 메스꺼움도 느껴지고요. 이게 열이 날 때랑 거의 겹치는 것 같아요.
요로감염,"소변이 뿌옇고 냄새가 심하게 나요. 밤에 자주 소변이 마려워지고, 이런 증상이 나타난 이후로 열도 많이 나요."
요로감염,"배가 아프고 자주 열이 나는 것 같아요. 갑자기 소변이 마려워질 때가 많고요. 통증이 거의 계속되는데, 밤에는 더 심해지는 것 같아요. 그리고 소변에서 항상 이상한 냄새가 나는 것 같아요."
요로감염,"갑자기 소변이 너무 마려운 느낌이 자주 들어요. 가끔 소변에 피가 섞여 나오고 냄새도 심하게 나요. 감염된 것 같은데, 어떻게 해야 할까요?"
요로감염,"가끔 소변에 피가 섞여 나오고, 소변 볼 때 메스꺼울 때가 있어요. 그리고 소변에서 냄새가 심하게 나고, 밤에 열이 날 때도 있어요. 도와주세요."
요로감염,아랫배가 아프고 소변 볼 때 따끔거려요. 그리고 이런 증상이 생기고 나서부터 미열도 나고 있어요. 그래서 그런지 몸도 좀 기운이 없어요.
요로감염,소변에 피가 섞여 나오고 열이 좀 나요. 머리가 거의 항상 아프고 소변이 너무 급하게 마려울 때가 많아요. 그리고 허리 쪽도 아파요.
요로감염,며칠 전부터 열이 좀 낮고 소변에 피가 섞여 나와요. 머리가 너무 아프고 소변 냄새도 정말 심하게 나요. 소변을 거의 참을 수가 없고 갑자기 마려운 느낌이 들어요.
요로감염,골반 쪽에 통증이 있고 구토를 자주 해요. 가끔 소변에 피가 섞여 나오고 소변 냄새가 심하게 고약해요. 가끔 두통도 생기고 이 때문에 잠도 잘 못 자요.
요로감염,"계속 화장실에 가야 할 것 같은데, 소변을 다 못 보는 느낌이에요. 소변이 마려운 느낌이 너무 강하고 참을 수가 없어요. 가끔 소변 색이 진하거나 피가 섞여 나오기도 해요."
요로감염,요즘 체온이 많이 낮고 소변 냄새가 정말 안 좋아요. 신장 쪽이 많이 아프고 소변을 참기가 힘들어요. 자꾸 참을 수 없는 요의가 생겨요.
요로감염,"화장실에 자주 가야 하는데, 소변이 거의 안 나와요. 나와도 몇 방울 정도예요. 그리고 배도 많이 아프고, 소변이 마려운 걸 참을 수가 없어요."
요로감염,소변 색이 진하고 종종 피가 섞여 나오고 냄새도 이상해요. 그리고 체온이 자주 오르락내리락해서 밤에 잠을 잘 못 자요.
요로감염,"최근에 방광 쪽에 통증이 있고, 자꾸 소변이 마려워요."
요로감염,소변에 피가 섞여 나와요. 가끔 소변 볼 때 메스꺼움을 느끼기도 해요. 그리고 자주 열이 날 것 같은 느낌이 들어요.
요로감염,소변에서 강한 냄새가 나고 뿌옇게 보여요. 이런 증상이 생긴 이후로 밤에 자주 소변이 마렵고 열도 나고 있어요.
요로감염,"배가 아프고 열이 자주 나요. 갑자기 소변이 너무 마려울 때가 있어요. 불편함이 거의 항상 있고, 밤에는 더 심해지는 것 같아요. 소변 냄새도 거의 항상 안 좋아요."
요로감염,"갑자기 화장실에 가고 싶어지는 일이 자주 생기고, 소변에 피가 섞여 나오거나 냄새가 심하게 날 때가 있어요. 감염된 것 같으면 어떻게 해야 할까요?"
요로감염,"가끔 소변에 피가 섞여 나오고, 그럴 때 속이 메스꺼울 때가 있어요. 도와주세요! 그리고 밤에 열이 오를 때도 있고, 소변에서 심한 냄새가 나요."
요로감염,아랫배가 아프고 소변 볼 때 터질 것 같은 느낌이 들어요. 이런 증상이 생기고 나서 체온도 좀 낮아진 것 같아요. 그래서 그런지 몸도 좀 힘이 없어요.
요로감염,"""저 미열이 있고 소변에 피가 섞여 나와요. 머리가 거의 계속 아프고, 자주 참을 수 없을 정도로 소변이 마려워요. 그리고 허리도 아파요."""
요로감염,며칠 전부터 열이 좀 떨어지고 소변에 피가 섞여 나와요. 머리가 너무 아프고 소변 냄새도 심하게 나요. 소변이 마려운 걸 잘 못 느끼겠고 갑자기 마려운 느낌이 들어요.
요로감염,"자주 토하고 골반 쪽이 불편해요. 가끔 소변 냄새가 너무 심하게 나고, 피가 섞여 나올 때도 있어요. 두통 때문에 잠들기 힘들 때도 있고요."
요로감염,"화장실을 자주 가야 하는데, 소변을 다 못 보는 것 같아요. 가끔씩은 소변이 너무 마려워서 참기 힘들 때도 있고, 소변 색이 검거나 붉게 나올 때도 있어요."
요로감염,"요즘 기분이 너무 우울하고 소변 냄새가 정말 심해요. 소변을 참기가 힘들고, 신장 쪽이 많이 아파요. 그리고 자꾸 이상한 음식이 먹고 싶어지는 것도 자주 있어요."
요로감염,"화장실을 자주 가야 하는데, 나오는 소변은 몇 방울밖에 안 돼요. 배도 많이 아프고, 소변을 보고 싶은 느낌을 참을 수가 없어요."
요로감염,소변이 자주 검거나 빨갛고 냄새도 이상해요. 그리고 체온이 자주 변해서 밤에 잠을 잘 못 자요.
요로감염,소변에 피가 섞여 나와요. 가끔 소변 볼 때 메스꺼움도 느껴지고요. 그리고 자주 열이 날 것 같은 기분이 들어요.
요로감염,소변 냄새가 강하고 뿌옇게 보여요. 이런 증상이 생긴 이후로 열이 나고 밤에 자주 소변이 마려워요.
요로감염,"갑자기 소변이 너무 자주 마렵고, 가끔 피가 섞여 나와요. 냄새도 너무 심한데, 감염된 것 같으면 어떻게 해야 할까요?"
요로감염,가끔 소변에 피가 섞여 나오고 약간 메스꺼워요. 도와주세요! 그리고 가끔 밤에 열이 많이 나고 소변 냄새가 심하게 날 때도 있어요.
요로감염,"아랫배가 아프고, 소변 볼 때 뭔가 터질 것처럼 아파요. 이 증상 생긴 이후로 체온이 좀 낮아진 것 같아요. 그래서 그런지 몸도 좀 힘이 없어요."
요로감염,"소변에 피가 섞여 나오고 체온이 좀 낮아요. 두통이 거의 계속되고 있고, 자주 강하게 소변을 참기 힘들 때가 많아요. 게다가 허리 쪽에도 통증이 생기기 시작했어요."
요로감염,지난 4일 동안 체온이 좀 낮고 소변에 피가 섞여 나왔어요. 소변 냄새도 너무 심하고 머리가 깨질 것처럼 아파요. 소변이 마려운 걸 잘 못 느끼겠고 갑자기 급하게 마려울 때가 많아요.
요로감염,"저는 자주 구토를 하고 골반 통증이 있어요. 가끔 소변에 피가 섞여 나오기도 하고, 냄새가 정말 참기 힘들 때도 있어요. 편두통 때문에 가끔 잠들기 힘들 때도 있구요."
요로감염,"저는 자주 소변을 봐야 하는데, 방광이 잘 비워지지 않는 것 같아요. 가끔씩은 소변이 너무 마려워서 참을 수 없을 정도로 급하게 느껴지고, 소변 색도 진하거나 붉게 나와요."
요로감염,"요즘 기분이 너무 가라앉아 있고, 소변 냄새도 심하게 안 좋아요. 신장 쪽이 많이 아프고, 소변을 참기가 힘들어요. 자꾸 화장실 가고 싶어지는 충동이 생겨요."
요로감염,"화장실에 자주 가야 하는데, 보통 소변이 몇 방울밖에 안 나와요. 배가 너무 아프고 소변을 보고 싶은 느낌이 너무 강해요."
요로감염,"소변에서 이상한 냄새가 자주 나고, 색깔이 빨갛거나 검은색일 때가 있어요. 그리고 체온이 자주 오르락내리락해서 밤에 잠을 잘 못 자요."
요로감염,소변에 피가 섞여 나오는 걸 봤어요. 가끔 소변을 보고 나면 속이 안 좋기도 해요. 그리고 자주 열이 나는 것 같아요.
요로감염,소변 냄새가 강하고 뿌옇게 보여요. 이런 증상이 시작된 이후로 열도 많이 나고 밤에 자주 화장실에 가고 싶어요.
요로감염,가끔 소변에 피가 섞여 나오고 약간 메스꺼워요. 도와주세요! 그리고 가끔 소변 냄새가 심하게 나고 밤에 열이 많이 나요.
요로감염,"아랫배가 아프고, 소변 볼 때 터질 것처럼 아파요. 이런 증상이 생긴 이후로 체온이 계속 낮아서 몸이 힘들어요."
요로감염,"지난 4일 동안 열이 좀 낮고 소변에 피가 섞여 나왔어요. 머리가 너무 아프고 소변 냄새도 심하게 나요. 소변이 마려운 느낌도 잘 안 오고, 오더라도 조절이 잘 안 돼요."
요로감염,"소변에서 이상한 냄새가 자주 나고, 색깔이 빨갛거나 검정색이거나 둘 다일 때가 많아요. 그리고 체온이 자주 변해서 밤에 잠을 잘 못 자요."
요로감염,소변 냄새가 강하고 뿌옇게 보이는 것 같아요. 이런 증상이 시작된 이후로 열도 나고 밤에 자주 화장실에 가고 있어요.
요로감염,"지난 3일 동안 열은 낮은데 소변에 피가 섞여 나왔어요. 소변 냄새도 너무 심하고, 머리도 너무 아파요. 소변이 마려운 느낌이 잘 안 오고, 오더라도 거의 조절이 안 돼요."
알레르기,"콧물이 줄줄 나고 계속 재채기가 나요. 눈도 가렵고 자주 눈물이 나고, 기침도 계속 나요. 머리도 아프고 계속 그래요."
알레르기,"목이 아프고 계속 재채기가 나요. 가끔 얼굴이 부을 때도 있는데, 입술이나 눈 주변이 그래요. 재채기를 시작하면 멈출 수가 없어요."
알레르기,숨 쉬기가 힘들고 숨이 가빠요. 기침이 멈추질 않고 눈도 가렵고 얼굴이랑 다른 부위가 부어요.
알레르기,코가 막히고 숨쉬기가 힘들어요. 가끔 밤에는 가슴이 아프고 답답하기도 해요. 그리고 냄새랑 맛도 잘 못 느끼겠어요.
알레르기,숨 쉴 때 쌕쌕거리고 숨쉬기 힘든 게 천식 같은 증상이 있어요. 자주 열도 나고 두통도 있어요. 항상 피곤한 느낌이에요.
알레르기,"맨날 피곤하고, 입맛도 없고 목도 너무 아파요. 열도 나는 것 같고 근육통도 자주 있어요. 가끔은 온몸이 그냥 쑤시고 경련이 나요."
알레르기,요즘 입맛이 없고 음식을 삼키기 힘들어요. 목도 아프고 콧물도 나와서 고생 중이에요.
알레르기,맨날 피곤하고 목이 따끔따끔해요. 피부도 자꾸 각질이 생기고요. 가끔 눈이 붓기도 하고 얼굴도 부을 때가 있어요.
알레르기,배가 아프고 메스껍고 설사도 해요. 목이 부어서 숨 쉬기가 힘들어요. 가끔 밤에 가슴이 아프고 속이 울렁거려요.
알레르기,"피부가 가렵고 빨갛게 변해요. 가끔씩 각질도 생기고요. 얼굴이랑 입술이 부어서 불편할 때가 많아요. 눈물이 나고, 붓기가 심해지면 두통도 생겨요."
알레르기,"저는 자주 재채기를 하고 콧물이 나와요. 눈도 가렵고 자주 눈물이 나고, 기침도 자주 해요. 머리도 계속 아파요."
알레르기,저 자주 재채기하고 목이 아파요. 입술이랑 눈 주위가 가끔 부어요. 재채기 시작하면 멈출 수가 없어요.
알레르기,"숨쉬기가 좀 힘들고 숨이 가빠요. 마른기침이 나고, 눈이 가렵고, 얼굴이랑 몸 전체가 부어올랐어요."
알레르기,코가 막히고 코가 꽉 막힌 느낌이에요. 가끔 밤에 몸이 뻐근하고 가슴이 답답하기도 해요. 그리고 맛이랑 냄새도 잘 못 느끼겠어요.
알레르기,숨 쉴 때 쌕쌕거리고 숨쉬기 힘든 증상이 있어요. 자주 두통이랑 열도 나고요. 항상 너무 피곤해요.
알레르기,항상 너무 피곤하고 입맛도 없고 목이 너무 따가워요. 근육통도 있고 열도 나요. 가끔씩 온몸이 그냥 쥐나는 것처럼 아파요.
알레르기,"요즘 입맛이 없고, 삼키는 것도 좀 힘들어요. 코도 계속 흐르고 목도 아파요."
알레르기,요즘 계속 피곤하고 목이 간질간질해요. 그리고 피부도 건조해지기 시작했어요. 가끔 눈이 붓기도 해요.
알레르기,속이 메스껍고 어지러워요. 목이 부은 것 같고 숨 쉬는 게 힘들어요. 가끔 가슴이 답답하고 밤에는 속이 울렁거려요.
알레르기,피부가 빨갛고 가려워요. 가끔 각질도 생기고요. 볼이랑 입술이 부어서 정말 짜증나요. 부어서 그런지 가끔 두통도 생기고 눈물도 나요.
알레르기,저는 자주 재채기를 하고 콧물이 나요. 기침도 계속 나오고 눈이 아프고 눈물이 나요. 머리도 계속 아파요.
알레르기,목이 아프고 자꾸 재채기가 나요. 가끔 눈 주위랑 입술이 부어오르기도 해요. 재채기를 한번 시작하면 멈추질 않네요.
알레르기,"숨쉬기가 좀 힘들고 숨이 차요. 얼굴이랑 몸이 부어오르고, 눈도 가렵고 마른기침이 계속 나요."
알레르기,코가 막히고 숨쉬기 힘들어요. 가끔 밤에는 몸이 뻐근하고 가슴이 아파요. 그리고 맛이랑 냄새도 잘 못 느끼겠어요.
알레르기,"숨쉬기가 힘들고 쌕쌕거리는 소리가 나요, 천식 증상이라고 하더라고요. 열도 자주 나고 두통도 있어요. 항상 피곤한 느낌이에요."
알레르기,맨날 피곤하고 입안에 쓴맛이 나고 목도 너무 간질간질해요. 근육도 뜨겁고 아파요. 가끔은 온몸이 막 쥐나는 것 같아요.
알레르기,"입맛도 없고, 삼키는 것도 힘들어요. 목도 아프고, 콧물도 계속 나와요."
알레르기,"요즘 계속 피곤하고 목이 간질간질해요. 피부도 건조해진 것 같고, 가끔 눈이 붓기도 해요."
알레르기,어지럽고 메스껍고 몸이 떨려요. 목이 부어서 숨 쉬기가 힘들어요. 가끔 밤새 가슴이 아프고 속이 안 좋아요.
알레르기,"피부가 자꾸 가렵고 염증이 생겨요. 가끔씩 각질도 일어나고요. 입술이랑 볼이 붓는데, 정말 불편해요. 붓기 때문에 가끔 두통도 생기고 눈물이 나기도 해요."
알레르기,"코가 계속 흐르고 재채기를 많이 해요. 눈도 촉촉하고 아픈데, 기침도 계속 나와요. 머리도 계속 아파요."
알레르기,저 자꾸 재채기하고 목도 아파요. 가끔 입술이랑 눈 주변 피부가 부어오르기도 해요. 재채기 시작하면 멈출 수가 없어요.
알레르기,"숨쉬기가 좀 힘들고 금방 숨이 차요. 눈도 아프고, 마른기침이 계속 나고, 얼굴이랑 몸이 부은 것 같아요."
알레르기,코가 막히고 코가 꽉 막힌 느낌이에요. 가끔 밤에 몸이 뻣뻣하고 가슴이 답답하기도 해요. 그리고 냄새랑 맛도 잘 못 느끼겠어요.
알레르기,"숨 쉴 때 쌕쌕거리고 숨쉬기 힘들어요, 천식 증상이라고 하더라고요. 그리고 자주 두통이랑 열도 나고요. 계속 피곤해요."
알레르기,맨날 피곤하고 입에서 쓴맛이 나고 목도 많이 간지러워요. 근육도 뜨겁고 아파요. 가끔은 온몸에 쥐가 나기도 해요.
알레르기,요즘 입맛이 없고 삼키기 힘들어요. 코도 계속 흐르고 목도 아파요.
알레르기,목이 항상 간질간질하고 피곤해요. 피부도 건조해지기 시작했어요. 가끔 눈이 부어오르기도 해요.
알레르기,"속이 메스껍고 울렁거려요. 목이 부어서 숨쉬기가 힘들어요. 가슴이 밤새 가끔 아프고, 가끔 몸이 안 좋아요."
알레르기,피부가 부어오르고 가려워요. 가끔씩 각질도 생기고요. 볼이랑 입술이 부으면 정말 아파요. 부어서 그런지 가끔 두통도 생기고 눈물도 나요.
알레르기,자꾸 재채기가 나고 콧물이 줄줄 흘러요. 눈도 아프고 눈물이 자꾸 나고요. 목소리가 자주 잠기고 머리도 계속 아파요.
알레르기,목이 아프고 재채기를 많이 해요. 가끔 눈 주위랑 입술이 부어오르기도 해요. 한번 시작하면 멈출 수가 없어요.
알레르기,"숨쉬기가 좀 힘들고 금방 숨이 차요. 얼굴이랑 몸이 부은 것 같고, 눈도 아프고 마른기침도 자꾸 나요."
알레르기,코가 막히고 코가 꽉 막힌 느낌이에요. 가끔 밤에는 몸이 뻐근하고 가슴이 아파요. 그리고 미각이랑 후각도 잃었어요.
알레르기,"숨쉬기가 힘들고 쌕쌕거리는 소리가 나요, 천식 증상이라고 하더라고요. 열도 자주 나고 두통도 있어요. 항상 너무 피곤해요."
알레르기,저 요즘 자꾸 피곤하고 입안에 쓴맛이 나요. 목도 간질간질하고요. 근육도 화끈거리고 불편해요. 가끔은 온몸에 쥐가 나기도 해요.
알레르기,"요즘 입맛이 없고, 삼키는 게 좀 힘들어요. 목도 아프고 콧물도 계속 나요."
알레르기,목이 계속 간질간질하고 너무 피곤해요. 게다가 피부도 건조해지기 시작했어요. 가끔 눈에 염증도 생기고요.
알레르기,속이 메스껍고 아프고 몸이 떨려요. 목이 부어서 숨쉬기가 힘들어요. 가끔 밤에 가슴이 아프고 가끔씩 토할 것 같기도 해요.
알레르기,피부가 가렵고 부어올랐어요. 가끔씩 피부가 벗겨지기도 해요. 입술이랑 볼이 부어서 많이 아파요. 붓기가 생기면 가끔 두통도 생기고 눈물도 나요.
위식도 역류질환,"밥 먹을 때나 먹고 나서 목이 자주 화끈거려요. 가끔 입안에 신맛이나 쓴맛이 남고, 그래서 속이 울렁거리기도 해요."
위식도 역류질환,"속이 쓰리고 소화가 잘 안 돼요. 먹는 걸 자주 토하고, 음식이 목에 걸려서 삼키기 힘들어요. 윗배에 계속 아픈 느낌도 있어요."
위식도 역류질환,"트림이 자주 나고요, 가슴이 아픈데 그 통증이 목 뒤랑 턱, 팔까지 퍼질 때가 있어요. 가슴이 답답하고 꽉 조이는 느낌도 들어요."
위식도 역류질환,입안에 계속 신맛이 나요. 신 음식 먹은 것도 아닌데도요. 자주 딸꾹질도 나고 목에 뭔가 걸린 것 같은 느낌이 들어요.
위식도 역류질환,저 만성적으로 입에서 냄새가 나고 입안에 신맛이 느껴져요. 목이 따끔거려서 가끔 음식을 삼키기 힘들 때도 있어요.
위식도 역류질환,매운 음식이나 기름진 음식을 먹으면 자주 속쓰림이랑 소화불량이 생겨요. 그리고 누워 있거나 몸을 앞으로 숙이면 가슴 통증이 더 심해져요. 가슴 통증도 자주 느껴요.
위식도 역류질환,입맛이 없고 음식을 삼키기가 힘들어요. 작은 양을 먹어도 계속 배가 부른 느낌이 들어요. 자주 토하고 속이 쓰리며 목이 따끔거리는 느낌도 들어요.
위식도 역류질환,아침에 특히 목이 아프거나 목소리가 쉬어요. 목에 계속 신경 쓰이는 통증이 있고 입 냄새도 심해요. 그리고 트림도 자주 나와요.
위식도 역류질환,"음식이나 위산이 목으로 올라오는 느낌이 들어요. 누우면 더 심해지는 가슴 통증도 있고요. 음식을 먹고 나면 자주 속이 쓰리거나 소화가 안 되고, 가끔 토하기도 해요."
위식도 역류질환,밥 먹고 나면 속이 불편하고 먹은 걸 거의 다 토해요. 배도 항상 아프고 속이 너무 쓰려요.
위식도 역류질환,밥 먹고 나면 목이 자주 화끈거리는 느낌이 들어요. 그리고 가끔 신맛이나 쓴맛이 올라와서 속이 울렁거리기도 해요.
위식도 역류질환,"소화가 안 되고 속이 쓰려요. 먹는 건 다 토해버리고, 음식이 목에 걸려서 삼키기도 힘들어요. 윗배도 불편해요."
위식도 역류질환,"트림이 자주 나와요. 가슴이 불편한데 그게 목 뒤랑 턱, 팔까지 퍼져요. 가슴에 압박감이랑 긴장감도 느껴져요."
위식도 역류질환,속이 비었을 때도 입안이 계속 시큼해요. 자주 딸꾹질도 나고 목에 뭔가 걸린 느낌이 들어요.
위식도 역류질환,입에서 항상 냄새가 나고 신맛이 느껴져요. 가끔 목이 따끔거려서 밥 먹을 때 삼키기 힘들어요.
위식도 역류질환,매운 음식이나 기름진 음식을 먹고 나면 속이 자주 쓰리고 소화가 잘 안 돼요. 누워 있거나 몸을 앞으로 숙이면 가슴 불편함이 더 심해져요. 가슴도 꽤 아파요.
위식도 역류질환,"요즘 입맛이 없고, 음식을 삼키는 게 힘들어요. 조금만 먹어도 속이 더부룩하고 꽉 찬 느낌이 자주 들어요. 보통 속쓰림도 있고, 메스껍고, 목이 따끔거려요."
위식도 역류질환,자주 목이 아프거나 목소리가 쉬어서 일어나요. 목이 계속 아프고 입 냄새도 안 좋아요. 그리고 트림도 자주 나와요.
위식도 역류질환,"목에 뭔가 음식이나 위산이 올라오는 것 같아요. 가슴도 아프고, 누우면 더 심해져요. 밥 먹고 나면 자주 속이 쓰리거나 소화가 안 되고 토할 때도 있어요."
위식도 역류질환,밥 먹고 나면 속이 메스껍고 먹은 걸 다 토할 때가 많아요. 항상 배가 심하게 아프고 속이 너무 쓰려요.
위식도 역류질환,밥 먹고 나면 목이 자주 화끈거리는 느낌이 들어요. 그리고 가끔 쓴맛이나 신맛이 올라와서 속이 안 좋기도 해요.
위식도 역류질환,"속이 쓰리고 소화가 잘 안 돼요. 먹는 걸 자꾸 토하고, 음식이 목에 걸려서 삼키기가 힘들어요. 윗배도 아프고요."
위식도 역류질환,"트림이랑 게스가 자주 나와요. 가끔 가슴 통증이 있는데, 그게 목 뒤랑 턱, 팔까지 뻗쳐요. 가슴에 압박감이랑 스트레스도 느껴져요."
위식도 역류질환,입안에 신맛이 계속 나요. 속에 신 게 아무것도 없는데도 그래요. 자주 딸꾹질도 나고 목에 뭔가 걸린 느낌이 들어요.
위식도 역류질환,목이 따끔거리고 입에서 냄새도 나고 맛도 이상해서 가끔 음식을 삼키기가 힘들어요.
위식도 역류질환,매운 음식이나 기름진 음식을 먹고 나면 소화가 잘 안 되고 속이 쓰려요. 특히 몸을 앞으로 숙이거나 누우면 가슴 통증이 더 심해져요. 그리고 가슴이 많이 아파요.
위식도 역류질환,"요즘 입맛도 없고, 삼키기도 힘들어요. 조금만 먹어도 속이 더부룩한 느낌이 자주 들어요. 평소에 속쓰림, 메스꺼움, 목이 따끔거리는 증상이 있어요."
위식도 역류질환,아침에 일어나면 목이 자주 까끌까끌하거나 아파요. 입 냄새도 심하고 목이 계속 아파요. 그리고 구토도 자주 해요.
위식도 역류질환,목에 음식이나 위산이 올라오는 것처럼 느껴져요. 누우면 가슴 통증이 더 심해지고요. 밥 먹고 나면 속이 쓰리거나 소화가 안 되고 자주 토해요.
위식도 역류질환,밥 먹고 나면 자주 속이 안 좋고 다 토해버려요. 그리고 계속 속이 쓰리고 위가 너무 아파요.
위식도 역류질환,밥 먹고 나면 목이 자주 타는 것처럼 느껴져요. 가끔 쓴맛이나 신맛이 올라오기도 해서 좀 불편해요.
위식도 역류질환,"소화가 안 되고 속이 쓰려요. 먹는 거마다 자꾸 토하고, 음식이 목에 걸려서 삼키기가 힘들어요. 윗배도 불편해요."
위식도 역류질환,"제가 자주 트림을 하고, 가슴이 아프면서 그 통증이 팔, 턱, 목 뒤쪽으로 퍼져요. 가슴이 답답하고 압박감이 느껴져요."
위식도 역류질환,"속이 비어 있어도 입안이 계속 시큼하고, 목에 뭔가 걸린 것 같고 딸꾹질도 자주 나요."
위식도 역류질환,목이 주기적으로 따끔거리고 입 냄새도 심하고 입 안에서 쓴맛이 나서 밥 먹을 때 삼키기가 힘들어요.
위식도 역류질환,"제가 자주 속쓰림이랑 소화불량을 겪는데, 특히 매운 음식이나 기름진 음식을 먹고 나면 더 그래요. 몸을 앞으로 숙이거나 누우면 가슴 불편함이 더 심해져요. 가슴도 많이 아파요."
위식도 역류질환,"요즘 입맛이 없고, 음식을 삼키는 게 힘들어요. 조금만 먹어도 속이 더부룩하고 꽉 찬 느낌이 자주 들어요. 평소에도 메스껍고 속쓰림이 있고 목이 따끔거리는 증상이 있어요."
위식도 역류질환,저는 자주 아침에 목이 쉬거나 목이 아파요. 목이 계속 따끔거리고 입냄새도 심해요. 그리고 자주 토해요.
위식도 역류질환,음식이나 위산이 목으로 역류하는 느낌이 들어요. 누워 있으면 가슴 불편함이 더 심해져요. 식사 후에 자주 속쓰림이나 소화불량이 생기고 토할 때도 많아요.
위식도 역류질환,밥 먹고 나면 자주 속이 안 좋고 먹은 걸 다 토해요. 그리고 항상 속 쓰림이 심하고 위가 너무 아파요.
위식도 역류질환,특히 밥 먹고 나면 목이 자주 화끈거려요. 가끔 입 안에 쓴맛이나 신맛이 남아서 속이 울렁거리기도 해요.
위식도 역류질환,"속이 쓰리고 소화가 잘 안 돼요. 먹는 건 다 토해버리고, 음식이 목에 걸려서 삼키기가 힘들어요. 윗배에 통증도 있어요."
위식도 역류질환,"저는 자주 트림을 하고, 가슴이 답답하고 불편한 느낌이 있어요. 이 불편함이 팔이나 턱, 목 쪽으로 퍼지기도 해요. 가슴이 꽉 조이는 것 같고 스트레스를 받는 느낌이에요."
위식도 역류질환,입안에 항상 신맛이 느껴져요. 속에 신 음식이 들어있지 않을 때도 그래요. 그리고 딸꾹질도 자주 하고 목에 뭔가 걸린 느낌이 들어요.
위식도 역류질환,"목이 따끔거려서 가끔 음식 삼키기 힘들고, 입 냄새도 심하고 입 안에 쓴맛도 나요."
위식도 역류질환,매운 음식이나 기름진 음식을 먹고 나면 소화가 잘 안 되고 속이 쓰려요. 특히 앞으로 숙이거나 누워 있을 때 가슴이 아프고요. 가슴 통증이 심해요.
위식도 역류질환,밥 먹고 나면 자주 속이 안 좋고 먹은 걸 다 토해요. 그리고 계속 심한 속쓰림이랑 위장 통증이 있어요.
위식도 역류질환,"목이 자주 불타는 것처럼 아파요, 특히 밥 먹고 나면 더 그래요. 가끔 신맛이나 쓴맛이 올라와서 속이 울렁거릴 때도 있어요."
위식도 역류질환,"위 내용은 다음과 같이 번역할 수 있습니다:

""속에 신 거 안 먹어도 입안이 계속 시큼해요. 목에 뭔가 걸린 것 같고 딸꾹질도 자주 나요."""
위식도 역류질환,"요즘 입맛이 없고, 삼키기도 힘들어요. 조금만 먹어도 속이 더부룩한 느낌이 자주 들어요. 평소에 속쓰림, 메스꺼움, 목이 따끔거리는 증상이 있어요."
약물 반응,"입 안에서 쇠 맛이 나고, 맛이랑 냄새도 좀 이상하게 느껴져요. 가끔씩 관절이랑 근육이 너무 아파서 참기 힘들 때도 있어요."
약물 반응,머리가 아프고 편두통도 있어요. 잠도 잘 못 자고요. 근육이 떨리고 경련도 가끔 일어나요. 가끔 어지럽기도 해요.
약물 반응,열이 나고 어지럽고 머리가 띵해요. 심장이 너무 빨리 뛰고 정신이 혼란스러워요. 생각이 잘 안 되고 모든 게 뿌옇게 느껴져요.
약물 반응,"피부에 발진이 생겼고, 이게 가끔씩 벗겨져요. 그래서 감염이 잘 되는 것 같아요. 손가락이 떨리기 시작하고, 가끔씩 몸이 떨리기도 해요."
약물 반응,"요즘 가슴이 아프고 메스꺼움이 심해요. 가슴 통증이 자주 생기고, 불안하고 식은땀도 많이 나요."
약물 반응,"온몸이 가려운데 가슴이랑 등에 발진도 생겼어요. 가끔씩 피부가 벗겨지기도 하고, 자국이 남는 경우도 많아요."
약물 반응,"머리가 자꾸 빠지고 머릿결도 많이 변했어요. 두피가 건조하고 가려운데, 비듬도 많이 생겼어요. 피부도 점점 건조해지고 있어요."
약물 반응,요즘 성욕이 줄어들고 성적으로 잘 안 되는 것 같아요. 그리고 머리가 너무 어지럽고 혼란스러워서 자주 멍한 상태가 돼요.
약물 반응,생리 주기가 달라지고 예상치 못한 질 분비물이 있어요. 기분 변화가 자주 생기고 가끔씩 예민해지기도 해요.
약물 반응,"저 체중이 많이 늘어서 비만이 됐어요. 식욕도 변하고, 자꾸 다른 음식이 당겨요."
약물 반응,"집중하는 게 힘들고 머리가 맑지 않아요. 자꾸 깜빡깜빡하고, 전반적으로 기억하는 게 어려워요."
약물 반응,"맛이랑 향이 변한 것 같고, 혀에 금속 맛이 남아요. 가끔씩 관절이랑 근육이 너무 아프기도 해요."
약물 반응,"편두통이랑 두통이 자주 오고, 잠도 잘 못 자고 있어요. 근육이 떨리고 경련도 일어나고요. 가끔 어지러울 때도 있어요."
약물 반응,"열이 나면 정말 어지럽고 현기증이 심해요. 정신이 완전히 혼란스럽고 심장이 막 두근거려요. 생각을 똑바로 하기가 어렵고, 모든 게 좀 흐릿하게 보여요."
약물 반응,"가끔 발진이 생긴 피부가 벗겨져요. 그래서 감염에 더 취약해지는 것 같아요. 손이 떨리기 시작하고, 가끔씩 몸에 경련이 일어나요."
약물 반응,"요즘 가슴이 좀 불편한데, 오늘은 특히 메스꺼움이 심하고 가슴이 답답해요. 자주 몸이 떨리고 너무 불안한 느낌도 많이 들어요."
약물 반응,"가슴이랑 등에 발진이 생기고 온몸이 가려워요. 가끔씩 피부가 벗겨지기도 하고, 그게 자주 자국을 남겨요."
약물 반응,"요즘 머리카락 결이 많이 바뀌고, 탈모도 좀 생긴 것 같아요. 두피가 건조하고 가려운데, 비듬도 점점 심해지고 있어요. 피부도 많이 건조해지고 있어요."
약물 반응,요즘 성욕이 줄어들고 성적으로 잘 안 되는 것 같아요. 자주 머리가 멍하고 어지럽고 정신이 혼란스러워요.
약물 반응,"요즘 생리 주기가 달라졌고, 예상치 못한 질 분비물이 나와요. 기분 변화가 자주 생기고 가끔씩 불안감도 느껴져요."
약물 반응,"요즘 살이 많이 쪄서 지금은 좀 통통해졌어요. 식욕이 왔다 갔다 하고, 이것저것 먹고 싶은 게 많아요."
약물 반응,집중을 잘 못하겠고 머리가 정말 맑지 않은 느낌이에요. 기억력이 안 좋아서 자꾸 뭘 잊어버려요.
약물 반응,저는 맛이랑 냄새가 변한 것뿐만 아니라 혀에 금속 맛도 나요. 그리고 가끔씩 근육이랑 관절이 심하게 아프기도 해요.
약물 반응,머리가 아프고 편두통이 있어요. 요즘 잠도 잘 못 자고 있어요. 몸 전체가 떨리고 경련이 일어나요. 가끔 어지럽기도 해요.
약물 반응,"열이 나면 좀 어지럽고 멍한 느낌이 들어요. 심장이 두근거리고 머리가 완전히 혼란스러워요. 제대로 생각하기가 힘들고, 모든 게 좀 흐릿하게 보여요."
약물 반응,가끔 발진 때문에 피부가 벗겨져요. 그래서 그런지 병에 더 잘 걸리는 것 같아요. 가끔씩 몸이 떨리고 손이 흔들리기도 해요.
약물 반응,"가슴 통증이랑 심한 메스꺼움이 있어요. 요즘 가슴이 아프고, 자주 몸이 떨리고 불안해요."
약물 반응,온몸이 가려운데 등에랑 가슴에 발진도 있어요. 가끔 피부가 벗겨지기도 해서 자국이 남기도 해요.
약물 반응,머리가 자꾸 빠지고 머릿결도 많이 변했어요. 비듬도 더 심해지고 두피가 건조하고 가려워요. 피부도 많이 건조해지고 있어요.
약물 반응,"요즘 성욕이 줄어들고, 성관계를 하는 데 어려움이 있어요. 자주 머리가 멍하고 약간 혼란스러운 느낌도 들어요."
약물 반응,"요즘 월경 주기가 좀 달라진 것 같고, 예상치 못한 질 분비물도 있어요. 가끔씩 짜증이 나고, 기분 변화도 심해요."
약물 반응,"요즘 살이 많이 쪄서 비만이 됐어요. 식욕도 달라지고, 자꾸 뭔가 다른 걸 먹고 싶어져요."
약물 반응,요즘 정신이 너무 맑지 않고 집중하기가 힘들어요. 자꾸 깜빡깜빡하고 기억하는 데 문제가 있어요.
약물 반응,맛이랑 냄새가 변한 것뿐만 아니라 혀에서 금속 맛도 나요. 가끔씩 관절이랑 근육이 심하게 아프기도 해요.
약물 반응,편두통이랑 두통이 자주 있어요. 그리고 요즘 잠이 잘 안 와요. 몸 전체가 떨리고 오한이 들 때도 있어요. 가끔은 어지러움도 느껴져요.
약물 반응,"열이 나면 속이 메스껍고 어지러워요. 머리가 완전히 멍하고 심장이 막 두근거려요. 생각도 잘 안 되고, 모든 게 좀 흐릿하게 보여요."
약물 반응,가끔 발진 때문에 피부가 벗겨지기 시작해요. 그래서 병에 더 잘 걸리는 것 같아요. 가끔 손이 떨리기 시작하고 몸도 떨려요.
약물 반응,심한 메스꺼움이 있고 가슴이 불편해요. 요즘 가슴이 계속 아파요. 너무 긴장되고 자꾸 몸이 떨려요.
약물 반응,등이랑 가슴에 발진이 생겼고 온몸이 가려워요. 가끔 피부가 건조하고 벗겨질 때도 있어서 자국이 남기도 해요.
약물 반응,머리가 많이 빠지고 머릿결도 확 변했어요. 두피가 건조하고 가려운데 비듬도 더 심해졌어요. 피부도 많이 건조해지고 있어요.
약물 반응,"요즘 성관계를 갖고 싶지 않고, 하기도 힘들어요. 그리고 자주 머리가 멍하고 혼란스러운 느낌이 들어요."
약물 반응,"요즘 생리 주기가 달라졌고, 예상치 못한 질 분비물이 나와요. 가끔 화를 내기도 하고, 기분 변화가 심해요."
약물 반응,요즘 살이 많이 쪄서 지금은 꽤 뚱뚱해요. 여기저기 끌리는 것도 많고 먹고 싶은 것도 많아요.
약물 반응,머리가 너무 멍하고 집중이 잘 안 돼요. 자꾸 깜빡깜빡하고 기억하는 게 힘들어요.
약물 반응,제 혀에서 맛이랑 냄새가 변해서 금속 맛이 남아요. 그리고 관절이랑 근육이 너무 아파요.
약물 반응,머리가 아프고 편두통도 있어요. 잠도 잘 못 자고 있고요. 몸이 막 떨리고 오한이 나기도 해요. 가끔씩 어지럽기도 해요.
약물 반응,"열이 나면 속이 메스껍고 어지러워요. 심장이 두근거리고 머리가 완전히 멍한 느낌이에요. 모든 게 좀 흐릿하게 느껴지고, 생각도 잘 안 되는 것 같아요."
약물 반응,가끔 발진 때문에 피부가 벗겨지기 시작해요. 그래서 병에 걸리기 쉬워지는 것 같아요. 가끔 손이 떨리고 몸이 막 떨리기 시작해요.
약물 반응,가슴이 아프고 심한 메스꺼움이 있어요. 요즘 들어 가슴이 계속 아파요. 몸이 많이 떨리고 불안한 느낌이 많이 들어요.
약물 반응,"온몸이 가렵고, 등에랑 가슴에 발진이 있어요. 가끔 피부가 건조하고 벗겨질 때가 있는데, 그럴 때면 몸에 얼룩이 생기기도 해요."
소화성 궤양 질환,"위쪽 배가 화끈거리고, 특히 식사 후나 밤에 더 심해요. 속쓰림도 있고 소화도 잘 안 돼서 자주 메스꺼워요."
소화성 궤양 질환,"배에 가스가 차고 속이 불편해요. 체중이 줄고 식욕도 없어요. 가끔씩 변이 검고 끈적거리기도 하고, 토할 때 피가 나올 때도 있어요."
소화성 궤양 질환,"음, 제가 음식을 삼키기가 좀 힘들고, 자꾸 목에 음식이 걸리는 느낌이 들어요. 그리고 트림이 계속 나오고 속이 더부룩해요. 입안에 신맛도 계속 남아있어요."
소화성 궤양 질환,"요즘 대변에 피가 섞여 나와서 피도 많이 잃고 철분도 부족해졌어요. 그래서 빈혈이 생겼고, 전반적으로 너무 힘이 없어요."
소화성 궤양 질환,계속 배가 고프고 식욕이 넘쳐요. 가끔씩 복통이랑 경련도 생기고요. 먹고 나면 속이 더부룩하고 가스가 차서 엄청 불편해요.
소화성 궤양 질환,요즘 배변 습관이 좀 달라졌어요. 변비가 생기기도 하고 설사를 하기도 해요. 식욕도 없고 기운도 없어서 자주 피곤해요.
소화성 궤양 질환,"배가 아픈데, 몸을 앞으로 숙이거나 누우면 더 심해져요. 매운 음식이나 신 음식 먹으면 불편하고요. 가끔 이 때문에 설사도 해요."
소화성 궤양 질환,배가 아프거나 불편해서 잠을 잘 못 자겠어요. 입맛도 없고 화장실 다녀오면 피곤해요. 항상 너무 피곤한 느낌이에요.
소화성 궤양 질환,"입 안에 신맛이 나고, 트림을 자주 해요. 그리고 윗배에 압박감이나 더부룩한 느낌이 몇 시간 동안 지속돼요."
소화성 궤양 질환,"저, 요즘 살이 자꾸 빠지고 잘 안 붙어요. 그리고 속이 아프고 불편한데, 제산제를 먹으면 좀 나아지긴 해요. 입안도 너무 쓴맛이 나고요."
소화성 궤양 질환,"하루 중이나 밤에 가끔씩 윗배가 타는 것처럼 아파요. 소화도 잘 안 되고, 속쓰림도 있고, 심한 메스꺼움이 자주 찾아와요."
소화성 궤양 질환,"배에 가스가 차고 불편해요. 요즘 살이 빠지고 음식에 대한 관심도 없어졌어요. 가끔씩 검고 끈적한 변을 보기도 하고, 피가 섞인 구토를 하기도 해요."
소화성 궤양 질환,삼키기가 힘들고 자꾸 음식이 목에 걸리는 느낌이 들어요. 속이 더부룩하고 트림도 자주 나와요. 입안에 항상 신맛이 도는 것 같아요.
소화성 궤양 질환,"피가 섞인 변 때문에 철분도 잃고, 다른 것도 많이 잃었어요. 그래서 빈혈이 생겼고, 전반적으로 몸이 많이 약해진 것 같아요."
소화성 궤양 질환,계속 배가 고프고 식욕이 엄청나요. 가끔씩 배가 쥐어짜듯이 아프고 경련이 일어나요. 밥 먹고 나면 속이 더부룩하고 가스가 차서 꽤 불편해요.
소화성 궤양 질환,요즘 화장실 가는 게 예전 같지 않아요. 변비가 심했다가 설사를 하기도 해요. 그리고 에너지가 없고 입맛도 없어서 자주 너무 피곤해요.
소화성 궤양 질환,"배가 아픈데, 몸을 구부리거나 누우면 더 심해져요. 매운 음식이나 신 음식 같은 특정 음식을 먹으면 아프고, 가끔 설사도 해요."
소화성 궤양 질환,배가 아파서 잠들기도 힘들고 자다가도 자꾸 깨요. 화장실 다녀오고 나면 기운이 쭉 빠지고 입맛도 없어요. 계속 불안한 느낌이 들어요.
소화성 궤양 질환,입 안이 시큼하고 신 맛으로 가득해요. 트림이 자주 나오고요. 몇 시간 동안 윗배에 압박감이나 더부룩함이 느껴져요.
소화성 궤양 질환,"저는 의도치 않게 살이 빠지고, 살을 찌우는 게 힘들어요. 통증과 불편함을 줄이기 위해 제산제를 사용하고 있어요. 입 안이 너무 불편해요."
소화성 궤양 질환,"가끔씩 하루 중이나 밤에 윗배가 화끈거릴 때가 있어요. 속쓰림도 있고 소화도 잘 안 되고, 심한 메스꺼움이 자주 찾아와요."
소화성 궤양 질환,"배도 더부룩하고 속이 좀 불편해요. 체중도 줄고, 이제는 먹는 것도 별로 안 좋아요. 가끔 피 섞인 구토를 하거나 변이 까맣고 끈적하게 나와요."
소화성 궤양 질환,"음, 제가 음식을 먹을 때 자꾸 목에 걸리는 느낌이 들고 삼키는 게 힘들어요. 배가 더부룩하고 트림도 자주 나와요. 그리고 입안에 쓴맛이 계속 남아 있는 것 같아요."
소화성 궤양 질환,피가 섞인 변 때문에 철분이랑 혈액을 많이 잃었어요. 그래서 지금 빈혈이 생겨서 보통은 좀 기운이 없어요.
소화성 궤양 질환,요즘 식욕이 너무 왕성하고 항상 배가 고파요. 가끔씩 배가 아프고 경련이 일어나기도 해요. 음식을 먹고 나면 속이 더부룩하고 가스가 차서 정말 힘들어요.
소화성 궤양 질환,요즘 변비가 심해졌다가 설사를 하기도 해요. 자주 피곤하고 기운도 없고 입맛도 없어요.
소화성 궤양 질환,몸을 구부리거나 누우면 속이 더 불편해져요. 매운 음식이나 신 음식 같은 걸 먹고 나면 배가 아파요. 가끔 이 때문에 설사를 하기도 해요.
소화성 궤양 질환,"배가 불편해서 잠을 잘 못 자고, 자다가도 자꾸 깨요. 화장실 다녀오면 너무 피곤하고 입맛도 없어요. 계속 신경이 예민해져 있어요."
소화성 궤양 질환,입 안에 시고 신맛이 계속 느껴져요. 트림이 자주 나고요. 윗배에 몇 시간 동안 압박감이나 더부룩함이 있어요.
소화성 궤양 질환,"저도 모르게 살이 빠지고, 살을 찌우기가 힘들어요. 통증이나 불편함을 덜어보려고 제산제를 먹고 있어요. 입안이 너무 아파요."
소화성 궤양 질환,"가끔 낮이나 밤에 윗배가 화끈거려요. 자주 심한 메스꺼움이 느껴지고, 속쓰림이나 소화불량도 자주 겪어요."
소화성 궤양 질환,"배도 더부룩하고 불편해요. 체중이 줄어서 이제는 먹는 것도 싫어졌어요. 가끔 피를 토하기도 하고, 변이 검고 끈적해요."
소화성 궤양 질환,"음, 제가 자주 음식을 삼키기 힘들고 목에 걸리는 느낌이 들어요. 그리고 트림도 자주 나오고 속이 더부룩해요. 입안에 쓴맛 같은 게 계속 남아 있어서 불편해요."
소화성 궤양 질환,"피가 섞인 변 때문에 철분이랑 피를 많이 잃었어요. 그래서 지금 빈혈이 생겼고, 보통은 좀 많이 힘이 없어요."
소화성 궤양 질환,요즘 식욕이 엄청나게 강하고 계속 배가 고파요. 가끔 배가 아프고 경련이 일어나기도 해요. 밥 먹고 나면 가스가 차고 배가 너무 아파요.
소화성 궤양 질환,변비랑 설사가 번갈아 가면서 나타나요. 자주 기운도 없고 식욕도 없어요.
소화성 궤양 질환,제가 허리를 굽히거나 누우면 배가 더 아파요. 특히 매운 음식이나 신 음식 먹고 나면 불편해요. 가끔 이러면 설사를 하기도 해요.
소화성 궤양 질환,요즘 배가 아파서 잠을 못 들고 계속 깹니다. 화장실 다녀오면 기운이 빠지고 식욕도 없어져요. 그리고 계속 불안한 느낌이 들어요.
소화성 궤양 질환,입 안에 신맛이 가득해요. 트림이 자주 나오고요. 몇 시간째 윗배가 답답하고 꽉 찬 느낌이에요.
소화성 궤양 질환,저도 모르게 살이 빠지고 다시 찌우기가 힘들어요. 통증과 불편함을 없애려고 제산제를 사용하고 있어요. 입안이 너무 아파요.
소화성 궤양 질환,"가끔씩 하루 중이나 밤에 윗배가 화끈거릴 때가 있어요. 그리고 자주 심한 속쓰림, 소화불량, 메스꺼움을 겪고 있어요."
소화성 궤양 질환,"배도 더부룩하고 속도 불편해요. 체중이 줄다 보니 먹는 것도 별로 안 좋아하게 됐어요. 가끔씩 변이 까맣고 끈적거리기도 하고, 토할 때 피가 섞여 나오기도 해요."
소화성 궤양 질환,"저는 음식을 삼키는 게 자주 힘들고, 가끔 음식이 목에 걸리는 느낌이 들어요. 그리고 자주 속이 더부룩하고 트림이 나와요. 매번 입안에 쓴맛이 남아요."
소화성 궤양 질환,"피가 섞인 변 때문에 철분이랑 혈액을 많이 잃었어요. 그래서 지금 빈혈이 생겼고, 전반적으로 좀 기운이 없어요."
소화성 궤양 질환,저는 식욕이 너무 좋아서 계속 배가 고파요. 가끔씩 배가 아프고 경련이 일어나요. 밥 먹고 나면 가스가 차고 배가 너무 아파요.
소화성 궤양 질환,요즘 변비랑 설사가 번갈아 가면서 나타나고 있어요. 그리고 식욕도 없고 자주 기운이 없어요.
소화성 궤양 질환,제가 몸을 구부리거나 누워 있을 때만 배가 더 아파요. 매운 음식이나 신 음식 같은 특정 음식을 먹고 나면 통증이 생기고요. 가끔 이 때문에 설사를 하기도 해요.
소화성 궤양 질환,배가 아파서 잠을 못 들고 자다가도 자꾸 깨요. 화장실 다녀오면 너무 지치고 입맛도 없어요. 걱정도 많이 되고요.
소화성 궤양 질환,입 안에 신맛이 가득해요. 트림이 자주 나고요. 몇 시간 전부터 윗배가 눌리거나 꽉 찬 느낌이 들어요.
소화성 궤양 질환,저도 모르게 살이 빠지고 다시 찌우기가 힘들어요. 통증이랑 불편함을 좀 덜어보려고 제산제를 먹고 있어요. 지금 입안이 너무 아파요.
당뇨병,요즘 목이 자주 마르고 화장실도 자주 가요. 입이랑 목이 자주 건조한 느낌이에요. 그리고 최근에는 배고픔도 더 자주 느끼고 식욕도 늘었어요.
당뇨병,시야가 흐릿해지고 점점 더 나빠지는 것 같아요. 항상 피곤하고 지친 느낌이에요. 가끔씩 어지럽고 머리가 띵한 느낌도 들어요.
당뇨병,"입이랑 목이 자꾸 마르고요, 식욕이랑 배고픔도 많이 느껴져요. 근데 가끔 너무 피곤하네요."
당뇨병,"상처나 긁힌 자국이 잘 안 낫고, 손에 찌릿찌릿한 느낌이 있어요. 그리고 손이랑 발이 둘 다 저릿저릿해요."
당뇨병,기분이 자꾸 변하고 집중하기가 힘들어요. 가끔 머리가 멍하고 안개 낀 것처럼 느껴져서 평소에 하던 일도 하기 어려울 때가 있어요.
당뇨병,"몸이 떨리고 근육이 막 씰룩거리는 느낌이 들어요. 그리고 냄새나 맛을 잘 못 느끼겠고, 피곤해요. 가끔 심장이 막 빨리 뛰는 것 같고 두근거릴 때도 있어요."
당뇨병,피부 접히는 부분에 발진이 나고 피부가 자꾸 가려워요. 그리고 상처나 멍이 생기면 잘 안 낫고 회복이 너무 느려요.
당뇨병,"저는 자주 소변을 봐야 할 것 같고, 가끔씩 참을 수 없는 느낌이 들어요. 어지럽고 혼란스러울 때가 많아요. 그리고 시야가 흐려지기도 해요."
당뇨병,운동할 때 특히 숨쉬기가 힘들어요. 땀이 많이 나고 얼굴이 붉어지는 것도 이상하고요. 그리고 자주 곰팡이 감염이 생겨요.
당뇨병,"계속 마른기침이 나고 있어요. 감염도 잘 낫지 않는 것 같고, 가슴이 두근거려요. 그리고 목이 아픈 것도 잘 안 없어져요."
당뇨병,요즘 물을 더 많이 마시고 화장실도 자주 가게 돼요. 목이랑 입이 자주 마르고요. 최근에 식욕이랑 배고픔도 더 커진 것 같아요.
당뇨병,시야가 뿌옇고 점점 더 나빠지는 것 같아요. 항상 지치고 피곤한 느낌이 들어요. 게다가 가끔씩 심하게 어지럽고 현기증이 나요.
당뇨병,목이랑 입이 좀 건조해요. 그리고 요즘 들어서 자꾸 배가 고파요. 그런데 가끔은 정말 피곤할 때도 있어요.
당뇨병,상처가 잘 안 낫고 치유 속도가 느려요. 손이랑 발이 저리고 감각이 둔한 느낌이에요.
당뇨병,요즘 집중이 잘 안 되고 감정 기복이 심해요. 가끔 머리가 멍하고 안개 낀 것처럼 느껴져서 간단한 일도 하기 힘들어요.
당뇨병,"근육이 떨리고 흔들리는 것 같아요. 몸이 너무 지치고, 맛이랑 냄새도 잘 못 느끼겠어요. 가끔 가슴이 두근거리거나 심장이 빨리 뛰기도 해요."
당뇨병,피부 접히는 부분에 특히 피부가 가렵고 발진이 생겨요. 그리고 상처나 멍도 잘 낫지 않아요.
당뇨병,"저는 자주 소변이 마렵고, 그게 아주 강하게 느껴져요. 그리고 어지럽고 혼란스러운 느낌도 자주 들어요. 시력도 좀 안 좋아진 것 같아요."
당뇨병,운동할 때 특히 숨쉬기가 힘들어요. 얼굴이 갑자기 붉어지고 땀이 많이 나요. 그리고 자주 곰팡이 감염이 생겨요.
당뇨병,"저는 만성적인 마른기침이 있어요. 가슴이 두근거리고 감염도 잘 낫지 않는 것 같아요. 목도 아프긴 한데, 이건 또 가끔씩 괜찮아지기도 해요."
당뇨병,물도 많이 마시고 화장실도 자주 가게 됐어요. 입이랑 목이 자주 마르고요. 요즘 식욕이랑 배고픔도 더 심해진 것 같아요.
당뇨병,"시야가 흐릿하고 점점 더 나빠지는 것 같아요. 계속 피곤하고 지쳐 있어요. 가끔씩 심한 어지럼증도 있고, 빙빙 도는 느낌이 들어요."
당뇨병,"입이랑 목이 좀 마른 것 같아요. 그리고 요즘 점점 더 배가 고파지는데, 가끔은 좀 피곤하기도 해요."
당뇨병,상처가 잘 안 낫고 회복 속도가 너무 느려요. 손발이 저리고 동시에 찌릿찌릿한 느낌이 들어요.
당뇨병,"집중이 잘 안 되고 감정이 왔다 갔다 해요. 머리가 멍하고 안개 낀 것처럼 느껴질 때가 있어서, 간단한 일도 끝내기가 힘들어요."
당뇨병,"몸이 떨리고 후들거려요. 미각이랑 후각도 둔해졌고, 너무 지쳐요. 가끔 가슴이 두근거리거나 맥박이 빨라지기도 해요."
당뇨병,"피부에 발진이 나고 자극이 있어요, 특히 피부 접히는 부분에요. 그리고 멍이나 상처도 잘 낫지 않아요."
당뇨병,저는 자주 소변이 마렵고 그 욕구가 굉장히 강하게 느껴져요. 그리고 자주 어지럽고 혼란스러워요. 시력도 잃었어요.
당뇨병,밖에 나가서 활동할 때 특히 숨쉬기가 힘들어요. 갑자기 땀이 나고 얼굴이 화끈거려요. 그리고 자주 곰팡이 감염이랑 요로 감염도 생겨요.
당뇨병,"계속 마른기침이 나요. 감염이 잘 낫지 않는 것 같고, 가끔 심장이 두근거려요. 목도 가끔 아프긴 한데, 그건 좀 나아지는 것 같아요."
당뇨병,요즘 물을 더 많이 마시고 화장실도 자주 가게 돼요. 목이랑 입안이 자주 건조한 느낌이 들고요. 그리고 최근에 배고픔도 더 느끼고 식욕도 늘었어요.
당뇨병,시야가 뿌옇고 점점 더 나빠지는 것 같아요. 항상 피곤하고 지친 느낌이에요. 가끔씩 심한 어지럼증과 현기증도 있어요.
당뇨병,목이랑 입이 자꾸 마르네요. 그리고 요즘 들어서 자꾸 배가 고파요. 그런데 가끔씩 너무 피곤할 때도 있어요.
당뇨병,요즘 상처가 회복되는 게 더디네요. 손이랑 발이 저리고 마비되는 것 같아요. 몸이 너무 힘이 없어요.
당뇨병,요즘 감정이 자꾸 바뀌고 집중하기가 힘들어요. 가끔은 머리가 멍하고 흐릿해서 간단한 일도 하기 어려울 때가 있어요.
당뇨병,"온몸이 떨리고 흔들리는 것 같아요. 맛이랑 냄새를 못 느끼겠고, 너무 지쳤어요. 가끔 심장이 막 두근거리거나 빨리 뛰기도 해요."
당뇨병,피부 접히는 부분에 특히 피부가 가렵고 발진이 생겨요. 그리고 피부에 생긴 상처나 멍도 잘 낫지 않아요.
당뇨병,"저는 자주 소변을 보고 싶고, 강한 갈망을 느껴요. 그리고 어지럽고 혼란스러울 때가 많아요. 게다가 시력도 많이 나빠졌어요."
당뇨병,밖에 나가면 숨쉬기가 좀 힘들어요. 갑자기 얼굴이 화끈거리고 땀이 나요. 그리고 질염이랑 요로 감염도 자주 생기는 것 같아요.
당뇨병,"기침이 계속 마르면서 멈추질 않아요. 가슴이 두근거리고 감염도 잘 낫지 않는 것 같아요. 가끔 목이 아프긴 한데, 그건 좀 나아지는 것 같아요."
당뇨병,요즘 물을 많이 마시고 화장실도 자주 가게 됐어요. 입이랑 목이 자주 마른 느낌이에요. 그리고 최근에 배고픔도 많이 느끼고 식욕도 늘었어요.
당뇨병,시야가 흐릿하고 점점 더 나빠지는 것 같아요. 항상 지치고 피곤한 느낌이 들어요. 가끔씩은 심하게 어지럽고 현기증도 나요.
당뇨병,입이랑 목이 자꾸 마르고요. 게다가 점점 더 배가 고파지는 것 같아요. 근데 가끔씩 너무 피곤해지기도 해요.
당뇨병,요즘 상처가 잘 안 낫고 있어요. 손발이 저리고 감각이 없어지는 것 같아요. 몸이 정말 허약해진 느낌이에요.
당뇨병,요즘 감정 기복이 심하고 집중하기가 너무 힘들어요. 머리가 멍하고 혼란스러울 때가 많아서 간단한 일조차도 하기 어려울 때가 있어요.
당뇨병,"온몸이 떨리고 있어요. 미각이랑 후각도 잃었고, 너무 피곤해요. 가끔 심장이 두근거리거나 빨리 뛰기도 해요."
당뇨병,피부 주름진 부분에 특히 발진이 나고 자극이 있어요. 그리고 멍이나 상처도 잘 안 낫는 것 같아요.
당뇨병,요즘 자꾸 소변이 너무 마려워서 참기 힘들어요. 그리고 자주 졸리고 멍한 느낌이 들어요. 시력도 많이 나빠졌어요.
당뇨병,밖에 나가면 숨쉬기가 힘들어요. 몸이 뜨거워지고 땀이 나기 시작해요. 그리고 요로 감염이랑 질염도 자주 걸려요.
당뇨병,"계속 재채기가 나고 마른 기침이 있어요. 감염이 잘 낫지 않는 것 같고, 가슴이 두근거려요. 목이 가끔 아프긴 한데, 보통은 좀 나아지더라고요."
